cid,year,count,cause
http://www.wikidata.org/entity/Q12078,1981,64,Krebs
http://www.wikidata.org/entity/Q12078,2010,344,Krebs
http://www.wikidata.org/entity/Q12078,2016,318,Krebs
http://www.wikidata.org/entity/Q12078,1988,68,Krebs
http://www.wikidata.org/entity/Q12078,1994,114,Krebs
http://www.wikidata.org/entity/Q12078,1985,53,Krebs
http://www.wikidata.org/entity/Q12078,1971,35,Krebs
http://www.wikidata.org/entity/Q12078,2003,181,Krebs
http://www.wikidata.org/entity/Q12078,2006,261,Krebs
http://www.wikidata.org/entity/Q12078,1998,106,Krebs
http://www.wikidata.org/entity/Q12078,1974,37,Krebs
http://www.wikidata.org/entity/Q12078,1996,101,Krebs
http://www.wikidata.org/entity/Q12078,1987,75,Krebs
http://www.wikidata.org/entity/Q12078,2007,245,Krebs
http://www.wikidata.org/entity/Q12078,2012,251,Krebs
http://www.wikidata.org/entity/Q12078,1967,37,Krebs
http://www.wikidata.org/entity/Q12078,1995,116,Krebs
http://www.wikidata.org/entity/Q12078,1979,57,Krebs
http://www.wikidata.org/entity/Q12078,1968,36,Krebs
http://www.wikidata.org/entity/Q12078,2004,201,Krebs
http://www.wikidata.org/entity/Q12078,1989,86,Krebs
http://www.wikidata.org/entity/Q12078,2015,327,Krebs
http://www.wikidata.org/entity/Q12078,2011,284,Krebs
http://www.wikidata.org/entity/Q12078,1962,33,Krebs
http://www.wikidata.org/entity/Q12078,1980,46,Krebs
http://www.wikidata.org/entity/Q12078,2008,243,Krebs
http://www.wikidata.org/entity/Q12078,1982,64,Krebs
http://www.wikidata.org/entity/Q12078,1969,30,Krebs
http://www.wikidata.org/entity/Q12078,2009,251,Krebs
http://www.wikidata.org/entity/Q12078,1986,83,Krebs
http://www.wikidata.org/entity/Q12078,1990,110,Krebs
http://www.wikidata.org/entity/Q12078,1963,30,Krebs
http://www.wikidata.org/entity/Q12078,2002,136,Krebs
http://www.wikidata.org/entity/Q12078,1972,34,Krebs
http://www.wikidata.org/entity/Q12078,2005,218,Krebs
http://www.wikidata.org/entity/Q12078,2000,133,Krebs
http://www.wikidata.org/entity/Q12078,1964,27,Krebs
http://www.wikidata.org/entity/Q12078,1965,31,Krebs
http://www.wikidata.org/entity/Q12078,2014,308,Krebs
http://www.wikidata.org/entity/Q12078,1997,123,Krebs
http://www.wikidata.org/entity/Q12078,1978,51,Krebs
http://www.wikidata.org/entity/Q12078,1983,65,Krebs
http://www.wikidata.org/entity/Q12078,2001,131,Krebs
http://www.wikidata.org/entity/Q12078,2013,287,Krebs
http://www.wikidata.org/entity/Q12078,1999,105,Krebs
http://www.wikidata.org/entity/Q12078,1970,50,Krebs
http://www.wikidata.org/entity/Q12078,1984,57,Krebs
http://www.wikidata.org/entity/Q12078,1993,104,Krebs
http://www.wikidata.org/entity/Q12078,2018,231,Krebs
http://www.wikidata.org/entity/Q12078,1976,45,Krebs
http://www.wikidata.org/entity/Q12078,2017,298,Krebs
http://www.wikidata.org/entity/Q12078,1973,43,Krebs
http://www.wikidata.org/entity/Q12078,1966,44,Krebs
http://www.wikidata.org/entity/Q12078,1977,53,Krebs
http://www.wikidata.org/entity/Q12078,1975,42,Krebs
http://www.wikidata.org/entity/Q12078,1992,100,Krebs
http://www.wikidata.org/entity/Q12078,1991,75,Krebs
http://www.wikidata.org/entity/Q180614,1981,1,Malignes Melanom
http://www.wikidata.org/entity/Q33525,1997,1,Karzinom
http://www.wikidata.org/entity/Q33525,2010,1,Karzinom
http://www.wikidata.org/entity/Q180614,2010,12,Malignes Melanom
http://www.wikidata.org/entity/Q180614,1996,5,Malignes Melanom
http://www.wikidata.org/entity/Q33525,2017,1,Karzinom
http://www.wikidata.org/entity/Q180614,2003,1,Malignes Melanom
http://www.wikidata.org/entity/Q180614,2005,10,Malignes Melanom
http://www.wikidata.org/entity/Q180614,1997,5,Malignes Melanom
http://www.wikidata.org/entity/Q180614,2007,5,Malignes Melanom
http://www.wikidata.org/entity/Q180614,2008,8,Malignes Melanom
http://www.wikidata.org/entity/Q33525,2004,1,Karzinom
http://www.wikidata.org/entity/Q180614,2014,4,Malignes Melanom
http://www.wikidata.org/entity/Q180614,1998,1,Malignes Melanom
http://www.wikidata.org/entity/Q180614,1990,2,Malignes Melanom
http://www.wikidata.org/entity/Q180614,2018,4,Malignes Melanom
http://www.wikidata.org/entity/Q180614,1985,1,Malignes Melanom
http://www.wikidata.org/entity/Q180614,2006,4,Malignes Melanom
http://www.wikidata.org/entity/Q180614,2004,2,Malignes Melanom
http://www.wikidata.org/entity/Q180614,2011,7,Malignes Melanom
http://www.wikidata.org/entity/Q180614,1976,2,Malignes Melanom
http://www.wikidata.org/entity/Q180614,1977,2,Malignes Melanom
http://www.wikidata.org/entity/Q180614,2012,4,Malignes Melanom
http://www.wikidata.org/entity/Q180614,2002,3,Malignes Melanom
http://www.wikidata.org/entity/Q180614,2001,6,Malignes Melanom
http://www.wikidata.org/entity/Q180614,1964,2,Malignes Melanom
http://www.wikidata.org/entity/Q33525,1993,1,Karzinom
http://www.wikidata.org/entity/Q180614,2013,6,Malignes Melanom
http://www.wikidata.org/entity/Q180614,2009,5,Malignes Melanom
http://www.wikidata.org/entity/Q180614,2000,2,Malignes Melanom
http://www.wikidata.org/entity/Q33525,2014,1,Karzinom
http://www.wikidata.org/entity/Q180614,1994,2,Malignes Melanom
http://www.wikidata.org/entity/Q180614,2015,5,Malignes Melanom
http://www.wikidata.org/entity/Q180614,2016,3,Malignes Melanom
http://www.wikidata.org/entity/Q33525,1978,2,Karzinom
http://www.wikidata.org/entity/Q33525,2016,2,Karzinom
http://www.wikidata.org/entity/Q33525,2018,1,Karzinom
http://www.wikidata.org/entity/Q189588,1997,13,Magenkarzinom
http://www.wikidata.org/entity/Q189588,2008,26,Magenkarzinom
http://www.wikidata.org/entity/Q189588,1984,8,Magenkarzinom
http://www.wikidata.org/entity/Q189588,2004,35,Magenkarzinom
http://www.wikidata.org/entity/Q189588,2002,15,Magenkarzinom
http://www.wikidata.org/entity/Q189588,1981,6,Magenkarzinom
http://www.wikidata.org/entity/Q189588,2007,29,Magenkarzinom
http://www.wikidata.org/entity/Q189588,1998,12,Magenkarzinom
http://www.wikidata.org/entity/Q189588,2010,31,Magenkarzinom
http://www.wikidata.org/entity/Q189588,2015,23,Magenkarzinom
http://www.wikidata.org/entity/Q189588,2009,26,Magenkarzinom
http://www.wikidata.org/entity/Q189588,2000,8,Magenkarzinom
http://www.wikidata.org/entity/Q189588,1986,11,Magenkarzinom
http://www.wikidata.org/entity/Q189588,2018,18,Magenkarzinom
http://www.wikidata.org/entity/Q189588,2013,32,Magenkarzinom
http://www.wikidata.org/entity/Q189588,1977,3,Magenkarzinom
http://www.wikidata.org/entity/Q189588,2005,10,Magenkarzinom
http://www.wikidata.org/entity/Q189588,1976,6,Magenkarzinom
http://www.wikidata.org/entity/Q189588,1990,11,Magenkarzinom
http://www.wikidata.org/entity/Q189588,1979,7,Magenkarzinom
http://www.wikidata.org/entity/Q189588,2011,23,Magenkarzinom
http://www.wikidata.org/entity/Q189588,1982,4,Magenkarzinom
http://www.wikidata.org/entity/Q189588,2014,19,Magenkarzinom
http://www.wikidata.org/entity/Q189588,1966,3,Magenkarzinom
http://www.wikidata.org/entity/Q189588,1995,10,Magenkarzinom
http://www.wikidata.org/entity/Q189588,2017,31,Magenkarzinom
http://www.wikidata.org/entity/Q189588,2001,11,Magenkarzinom
http://www.wikidata.org/entity/Q189588,1973,3,Magenkarzinom
http://www.wikidata.org/entity/Q189588,1992,8,Magenkarzinom
http://www.wikidata.org/entity/Q189588,1963,7,Magenkarzinom
http://www.wikidata.org/entity/Q189588,2006,23,Magenkarzinom
http://www.wikidata.org/entity/Q189588,1989,10,Magenkarzinom
http://www.wikidata.org/entity/Q189588,1987,10,Magenkarzinom
http://www.wikidata.org/entity/Q189588,1985,6,Magenkarzinom
http://www.wikidata.org/entity/Q189588,1993,11,Magenkarzinom
http://www.wikidata.org/entity/Q189588,1975,5,Magenkarzinom
http://www.wikidata.org/entity/Q189588,1961,9,Magenkarzinom
http://www.wikidata.org/entity/Q189588,1969,8,Magenkarzinom
http://www.wikidata.org/entity/Q189588,2003,12,Magenkarzinom
http://www.wikidata.org/entity/Q189588,2012,18,Magenkarzinom
http://www.wikidata.org/entity/Q189588,1991,9,Magenkarzinom
http://www.wikidata.org/entity/Q189588,1999,12,Magenkarzinom
http://www.wikidata.org/entity/Q189588,1971,2,Magenkarzinom
http://www.wikidata.org/entity/Q189588,1996,7,Magenkarzinom
http://www.wikidata.org/entity/Q189588,1988,4,Magenkarzinom
http://www.wikidata.org/entity/Q189588,1978,1,Magenkarzinom
http://www.wikidata.org/entity/Q189588,1970,5,Magenkarzinom
http://www.wikidata.org/entity/Q189588,1964,6,Magenkarzinom
http://www.wikidata.org/entity/Q189588,1962,3,Magenkarzinom
http://www.wikidata.org/entity/Q189588,1994,7,Magenkarzinom
http://www.wikidata.org/entity/Q189588,1974,4,Magenkarzinom
http://www.wikidata.org/entity/Q189588,1983,7,Magenkarzinom
http://www.wikidata.org/entity/Q189588,2016,20,Magenkarzinom
http://www.wikidata.org/entity/Q29496,1974,5,Leukämie
http://www.wikidata.org/entity/Q29496,1973,9,Leukämie
http://www.wikidata.org/entity/Q29496,2000,21,Leukämie
http://www.wikidata.org/entity/Q29496,1966,6,Leukämie
http://www.wikidata.org/entity/Q29496,1981,6,Leukämie
http://www.wikidata.org/entity/Q29496,1976,9,Leukämie
http://www.wikidata.org/entity/Q29496,1990,17,Leukämie
http://www.wikidata.org/entity/Q29496,2012,34,Leukämie
http://www.wikidata.org/entity/Q29496,2010,53,Leukämie
http://www.wikidata.org/entity/Q29496,1978,6,Leukämie
http://www.wikidata.org/entity/Q29496,2011,39,Leukämie
http://www.wikidata.org/entity/Q29496,1983,9,Leukämie
http://www.wikidata.org/entity/Q29496,2006,41,Leukämie
http://www.wikidata.org/entity/Q29496,2014,34,Leukämie
http://www.wikidata.org/entity/Q29496,2017,32,Leukämie
http://www.wikidata.org/entity/Q29496,1965,5,Leukämie
http://www.wikidata.org/entity/Q29496,1994,14,Leukämie
http://www.wikidata.org/entity/Q29496,1991,9,Leukämie
http://www.wikidata.org/entity/Q29496,1970,5,Leukämie
http://www.wikidata.org/entity/Q29496,2008,42,Leukämie
http://www.wikidata.org/entity/Q29496,1967,11,Leukämie
http://www.wikidata.org/entity/Q29496,1997,18,Leukämie
http://www.wikidata.org/entity/Q29496,1984,14,Leukämie
http://www.wikidata.org/entity/Q29496,1999,16,Leukämie
http://www.wikidata.org/entity/Q29496,1975,8,Leukämie
http://www.wikidata.org/entity/Q29496,1963,6,Leukämie
http://www.wikidata.org/entity/Q29496,2013,40,Leukämie
http://www.wikidata.org/entity/Q29496,2005,37,Leukämie
http://www.wikidata.org/entity/Q29496,1962,8,Leukämie
http://www.wikidata.org/entity/Q29496,1980,7,Leukämie
http://www.wikidata.org/entity/Q29496,2009,50,Leukämie
http://www.wikidata.org/entity/Q29496,2016,35,Leukämie
http://www.wikidata.org/entity/Q29496,2004,29,Leukämie
http://www.wikidata.org/entity/Q29496,1998,17,Leukämie
http://www.wikidata.org/entity/Q29496,2015,36,Leukämie
http://www.wikidata.org/entity/Q29496,1961,4,Leukämie
http://www.wikidata.org/entity/Q29496,2003,22,Leukämie
http://www.wikidata.org/entity/Q29496,1996,12,Leukämie
http://www.wikidata.org/entity/Q29496,1969,3,Leukämie
http://www.wikidata.org/entity/Q29496,1968,5,Leukämie
http://www.wikidata.org/entity/Q29496,1986,9,Leukämie
http://www.wikidata.org/entity/Q29496,1979,5,Leukämie
http://www.wikidata.org/entity/Q29496,2007,40,Leukämie
http://www.wikidata.org/entity/Q29496,1993,12,Leukämie
http://www.wikidata.org/entity/Q189588,1972,8,Magenkarzinom
http://www.wikidata.org/entity/Q189588,1980,4,Magenkarzinom
http://www.wikidata.org/entity/Q128581,2001,12,Brustkrebs
http://www.wikidata.org/entity/Q128581,1982,4,Brustkrebs
http://www.wikidata.org/entity/Q128581,2012,14,Brustkrebs
http://www.wikidata.org/entity/Q128581,1981,5,Brustkrebs
http://www.wikidata.org/entity/Q128581,2009,34,Brustkrebs
http://www.wikidata.org/entity/Q128581,1991,9,Brustkrebs
http://www.wikidata.org/entity/Q128581,1989,8,Brustkrebs
http://www.wikidata.org/entity/Q128581,2015,23,Brustkrebs
http://www.wikidata.org/entity/Q128581,2016,16,Brustkrebs
http://www.wikidata.org/entity/Q128581,2008,24,Brustkrebs
http://www.wikidata.org/entity/Q128581,1996,18,Brustkrebs
http://www.wikidata.org/entity/Q128581,1999,9,Brustkrebs
http://www.wikidata.org/entity/Q128581,1997,11,Brustkrebs
http://www.wikidata.org/entity/Q128581,2000,10,Brustkrebs
http://www.wikidata.org/entity/Q128581,2006,26,Brustkrebs
http://www.wikidata.org/entity/Q128581,2005,12,Brustkrebs
http://www.wikidata.org/entity/Q128581,1964,1,Brustkrebs
http://www.wikidata.org/entity/Q128581,1980,3,Brustkrebs
http://www.wikidata.org/entity/Q128581,2010,22,Brustkrebs
http://www.wikidata.org/entity/Q128581,2003,15,Brustkrebs
http://www.wikidata.org/entity/Q128581,1990,7,Brustkrebs
http://www.wikidata.org/entity/Q128581,2002,10,Brustkrebs
http://www.wikidata.org/entity/Q128581,2004,19,Brustkrebs
http://www.wikidata.org/entity/Q128581,1998,11,Brustkrebs
http://www.wikidata.org/entity/Q128581,1979,3,Brustkrebs
http://www.wikidata.org/entity/Q128581,1976,4,Brustkrebs
http://www.wikidata.org/entity/Q128581,1994,9,Brustkrebs
http://www.wikidata.org/entity/Q128581,1974,3,Brustkrebs
http://www.wikidata.org/entity/Q128581,1995,7,Brustkrebs
http://www.wikidata.org/entity/Q128581,1965,5,Brustkrebs
http://www.wikidata.org/entity/Q128581,2011,22,Brustkrebs
http://www.wikidata.org/entity/Q128581,2013,27,Brustkrebs
http://www.wikidata.org/entity/Q128581,1966,4,Brustkrebs
http://www.wikidata.org/entity/Q128581,1978,6,Brustkrebs
http://www.wikidata.org/entity/Q128581,1968,1,Brustkrebs
http://www.wikidata.org/entity/Q128581,2017,27,Brustkrebs
http://www.wikidata.org/entity/Q128581,2014,21,Brustkrebs
http://www.wikidata.org/entity/Q128581,1986,5,Brustkrebs
http://www.wikidata.org/entity/Q128581,1988,3,Brustkrebs
http://www.wikidata.org/entity/Q128581,2007,29,Brustkrebs
http://www.wikidata.org/entity/Q29496,1995,13,Leukämie
http://www.wikidata.org/entity/Q12078,1961,24,Krebs
http://www.wikidata.org/entity/Q128581,1977,5,Brustkrebs
http://www.wikidata.org/entity/Q128581,1985,3,Brustkrebs
http://www.wikidata.org/entity/Q128581,1992,7,Brustkrebs
http://www.wikidata.org/entity/Q128581,1975,2,Brustkrebs
http://www.wikidata.org/entity/Q128581,1973,2,Brustkrebs
http://www.wikidata.org/entity/Q128581,1972,3,Brustkrebs
http://www.wikidata.org/entity/Q128581,2018,18,Brustkrebs
http://www.wikidata.org/entity/Q128581,1971,2,Brustkrebs
http://www.wikidata.org/entity/Q128581,1993,9,Brustkrebs
http://www.wikidata.org/entity/Q29496,2002,17,Leukämie
http://www.wikidata.org/entity/Q29496,1985,13,Leukämie
http://www.wikidata.org/entity/Q29496,1989,11,Leukämie
http://www.wikidata.org/entity/Q29496,1977,9,Leukämie
http://www.wikidata.org/entity/Q29496,1992,11,Leukämie
http://www.wikidata.org/entity/Q29496,2018,32,Leukämie
http://www.wikidata.org/entity/Q29496,1964,3,Leukämie
http://www.wikidata.org/entity/Q29496,1987,5,Leukämie
http://www.wikidata.org/entity/Q29496,2001,18,Leukämie
http://www.wikidata.org/entity/Q29496,1988,8,Leukämie
http://www.wikidata.org/entity/Q29496,1982,8,Leukämie
http://www.wikidata.org/entity/Q128581,1984,2,Brustkrebs
http://www.wikidata.org/entity/Q172341,2011,12,Ovarialkarzinom
http://www.wikidata.org/entity/Q172341,1969,1,Ovarialkarzinom
http://www.wikidata.org/entity/Q172341,1994,4,Ovarialkarzinom
http://www.wikidata.org/entity/Q172341,1998,4,Ovarialkarzinom
http://www.wikidata.org/entity/Q172341,2006,10,Ovarialkarzinom
http://www.wikidata.org/entity/Q172341,1999,3,Ovarialkarzinom
http://www.wikidata.org/entity/Q172341,1997,1,Ovarialkarzinom
http://www.wikidata.org/entity/Q172341,2007,12,Ovarialkarzinom
http://www.wikidata.org/entity/Q172341,1977,1,Ovarialkarzinom
http://www.wikidata.org/entity/Q172341,1992,1,Ovarialkarzinom
http://www.wikidata.org/entity/Q172341,1984,2,Ovarialkarzinom
http://www.wikidata.org/entity/Q172341,2000,2,Ovarialkarzinom
http://www.wikidata.org/entity/Q172341,1989,1,Ovarialkarzinom
http://www.wikidata.org/entity/Q172341,1966,2,Ovarialkarzinom
http://www.wikidata.org/entity/Q172341,1983,2,Ovarialkarzinom
http://www.wikidata.org/entity/Q172341,1993,2,Ovarialkarzinom
http://www.wikidata.org/entity/Q172341,2013,4,Ovarialkarzinom
http://www.wikidata.org/entity/Q172341,1982,1,Ovarialkarzinom
http://www.wikidata.org/entity/Q172341,2009,7,Ovarialkarzinom
http://www.wikidata.org/entity/Q172341,1995,5,Ovarialkarzinom
http://www.wikidata.org/entity/Q172341,1985,2,Ovarialkarzinom
http://www.wikidata.org/entity/Q172341,2005,4,Ovarialkarzinom
http://www.wikidata.org/entity/Q172341,2015,7,Ovarialkarzinom
http://www.wikidata.org/entity/Q172341,1981,1,Ovarialkarzinom
http://www.wikidata.org/entity/Q172341,1991,1,Ovarialkarzinom
http://www.wikidata.org/entity/Q172341,2014,9,Ovarialkarzinom
http://www.wikidata.org/entity/Q172341,2010,8,Ovarialkarzinom
http://www.wikidata.org/entity/Q172341,2017,10,Ovarialkarzinom
http://www.wikidata.org/entity/Q172341,1987,2,Ovarialkarzinom
http://www.wikidata.org/entity/Q172341,2018,9,Ovarialkarzinom
http://www.wikidata.org/entity/Q172341,2004,3,Ovarialkarzinom
http://www.wikidata.org/entity/Q172341,2012,3,Ovarialkarzinom
http://www.wikidata.org/entity/Q172341,1996,3,Ovarialkarzinom
http://www.wikidata.org/entity/Q172341,2008,3,Ovarialkarzinom
http://www.wikidata.org/entity/Q172341,2016,5,Ovarialkarzinom
http://www.wikidata.org/entity/Q172341,2003,2,Ovarialkarzinom
http://www.wikidata.org/entity/Q172341,2001,1,Ovarialkarzinom
http://www.wikidata.org/entity/Q189588,1965,4,Magenkarzinom
http://www.wikidata.org/entity/Q128581,1961,1,Brustkrebs
http://www.wikidata.org/entity/Q128581,1987,6,Brustkrebs
http://www.wikidata.org/entity/Q504775,2012,11,Blasenkrebs
http://www.wikidata.org/entity/Q504775,2009,8,Blasenkrebs
http://www.wikidata.org/entity/Q504775,2003,3,Blasenkrebs
http://www.wikidata.org/entity/Q504775,2002,4,Blasenkrebs
http://www.wikidata.org/entity/Q504775,2015,11,Blasenkrebs
http://www.wikidata.org/entity/Q504775,2011,10,Blasenkrebs
http://www.wikidata.org/entity/Q504775,2017,5,Blasenkrebs
http://www.wikidata.org/entity/Q504775,2006,8,Blasenkrebs
http://www.wikidata.org/entity/Q504775,1990,1,Blasenkrebs
http://www.wikidata.org/entity/Q504775,2008,5,Blasenkrebs
http://www.wikidata.org/entity/Q504775,2018,7,Blasenkrebs
http://www.wikidata.org/entity/Q504775,2007,8,Blasenkrebs
http://www.wikidata.org/entity/Q504775,2016,10,Blasenkrebs
http://www.wikidata.org/entity/Q504775,1987,2,Blasenkrebs
http://www.wikidata.org/entity/Q504775,2005,6,Blasenkrebs
http://www.wikidata.org/entity/Q504775,1997,4,Blasenkrebs
http://www.wikidata.org/entity/Q504775,2014,4,Blasenkrebs
http://www.wikidata.org/entity/Q504775,2010,11,Blasenkrebs
http://www.wikidata.org/entity/Q504775,1988,1,Blasenkrebs
http://www.wikidata.org/entity/Q504775,1991,1,Blasenkrebs
http://www.wikidata.org/entity/Q504775,1992,1,Blasenkrebs
http://www.wikidata.org/entity/Q504775,1998,2,Blasenkrebs
http://www.wikidata.org/entity/Q504775,1994,3,Blasenkrebs
http://www.wikidata.org/entity/Q504775,1993,1,Blasenkrebs
http://www.wikidata.org/entity/Q504775,2013,6,Blasenkrebs
http://www.wikidata.org/entity/Q504775,2004,3,Blasenkrebs
http://www.wikidata.org/entity/Q504775,1995,1,Blasenkrebs
http://www.wikidata.org/entity/Q504775,1982,1,Blasenkrebs
http://www.wikidata.org/entity/Q29496,1972,7,Leukämie
http://www.wikidata.org/entity/Q29496,1971,4,Leukämie
http://www.wikidata.org/entity/Q189588,1968,2,Magenkarzinom
http://www.wikidata.org/entity/Q282142,2018,2,Glioblastom
http://www.wikidata.org/entity/Q209369,2002,1,Hodgkin-Lymphom
http://www.wikidata.org/entity/Q1138590,1999,1,Non-Hodgkin-Lymphom
http://www.wikidata.org/entity/Q1138590,2009,1,Non-Hodgkin-Lymphom
http://www.wikidata.org/entity/Q1138590,2018,1,Non-Hodgkin-Lymphom
http://www.wikidata.org/entity/Q5420524,1986,1,exocrine pancreatic cancer
http://www.wikidata.org/entity/Q282142,2015,1,Glioblastom
http://www.wikidata.org/entity/Q1138590,2001,1,Non-Hodgkin-Lymphom
http://www.wikidata.org/entity/Q209369,1998,1,Hodgkin-Lymphom
http://www.wikidata.org/entity/Q128581,1983,2,Brustkrebs
http://www.wikidata.org/entity/Q128581,1970,1,Brustkrebs
http://www.wikidata.org/entity/Q209369,1971,1,Hodgkin-Lymphom
http://www.wikidata.org/entity/Q282142,2017,1,Glioblastom
http://www.wikidata.org/entity/Q1138590,2012,2,Non-Hodgkin-Lymphom
http://www.wikidata.org/entity/Q1138590,2006,2,Non-Hodgkin-Lymphom
http://www.wikidata.org/entity/Q209369,1964,1,Hodgkin-Lymphom
http://www.wikidata.org/entity/Q1138590,1979,1,Non-Hodgkin-Lymphom
http://www.wikidata.org/entity/Q209369,2014,1,Hodgkin-Lymphom
http://www.wikidata.org/entity/Q209369,1988,1,Hodgkin-Lymphom
http://www.wikidata.org/entity/Q1077603,2013,2,Pleuramesotheliom
http://www.wikidata.org/entity/Q738170,2002,1,small cell carcinoma
http://www.wikidata.org/entity/Q1077603,1980,1,Pleuramesotheliom
http://www.wikidata.org/entity/Q3658562,2010,1,non-small-cell lung carcinoma
http://www.wikidata.org/entity/Q738170,1995,1,small cell carcinoma
http://www.wikidata.org/entity/Q549534,1981,1,Osteosarkom
http://www.wikidata.org/entity/Q2031424,2018,2,Oropharynxkarzinom
http://www.wikidata.org/entity/Q1077603,2010,5,Pleuramesotheliom
http://www.wikidata.org/entity/Q1077603,2003,2,Pleuramesotheliom
http://www.wikidata.org/entity/Q1077603,2008,4,Pleuramesotheliom
http://www.wikidata.org/entity/Q1077603,2012,2,Pleuramesotheliom
http://www.wikidata.org/entity/Q549534,2015,2,Osteosarkom
http://www.wikidata.org/entity/Q1077603,2009,4,Pleuramesotheliom
http://www.wikidata.org/entity/Q1077603,2005,3,Pleuramesotheliom
http://www.wikidata.org/entity/Q1077603,2006,3,Pleuramesotheliom
http://www.wikidata.org/entity/Q1077603,2000,2,Pleuramesotheliom
http://www.wikidata.org/entity/Q549534,1983,1,Osteosarkom
http://www.wikidata.org/entity/Q3267772,2014,1,salivary gland neoplasm
http://www.wikidata.org/entity/Q1077603,1997,1,Pleuramesotheliom
http://www.wikidata.org/entity/Q843799,2017,2,adenocarcinoma of the lung
http://www.wikidata.org/entity/Q1077603,2011,2,Pleuramesotheliom
http://www.wikidata.org/entity/Q1077603,1994,1,Pleuramesotheliom
http://www.wikidata.org/entity/Q1138580,1985,1,Ewing-Sarkom
http://www.wikidata.org/entity/Q1138580,2015,1,Ewing-Sarkom
http://www.wikidata.org/entity/Q738170,1998,1,small cell carcinoma
http://www.wikidata.org/entity/Q1077603,2017,2,Pleuramesotheliom
http://www.wikidata.org/entity/Q1077603,2002,1,Pleuramesotheliom
http://www.wikidata.org/entity/Q1077603,2014,1,Pleuramesotheliom
http://www.wikidata.org/entity/Q1077603,2007,3,Pleuramesotheliom
http://www.wikidata.org/entity/Q1077603,1990,1,Pleuramesotheliom
http://www.wikidata.org/entity/Q1077603,1998,1,Pleuramesotheliom
http://www.wikidata.org/entity/Q1077603,1987,1,Pleuramesotheliom
http://www.wikidata.org/entity/Q1077603,2018,1,Pleuramesotheliom
http://www.wikidata.org/entity/Q177755,2000,1,Astrozytom
http://www.wikidata.org/entity/Q3658562,1996,1,non-small-cell lung carcinoma
http://www.wikidata.org/entity/Q738170,2016,1,small cell carcinoma
http://www.wikidata.org/entity/Q1077603,2015,3,Pleuramesotheliom
http://www.wikidata.org/entity/Q180614,2017,3,Malignes Melanom
http://www.wikidata.org/entity/Q180614,1961,1,Malignes Melanom
http://www.wikidata.org/entity/Q180614,1991,1,Malignes Melanom
http://www.wikidata.org/entity/Q2031424,2015,1,Oropharynxkarzinom
http://www.wikidata.org/entity/Q2031424,2005,1,Oropharynxkarzinom
http://www.wikidata.org/entity/Q3267772,2007,1,salivary gland neoplasm
http://www.wikidata.org/entity/Q180614,1980,1,Malignes Melanom
http://www.wikidata.org/entity/Q1077603,2016,1,Pleuramesotheliom
http://www.wikidata.org/entity/Q1318384,2000,1,Oligodendrogliom
http://www.wikidata.org/entity/Q177755,2017,1,Astrozytom
http://www.wikidata.org/entity/Q356372,2018,1,Aderhautmelanom
http://www.wikidata.org/entity/Q11613500,1992,1,Zungenkrebs
http://www.wikidata.org/entity/Q11613500,2013,1,Zungenkrebs
http://www.wikidata.org/entity/Q212961,2013,64,Bauchspeicheldrüsenkrebs
http://www.wikidata.org/entity/Q212961,1967,2,Bauchspeicheldrüsenkrebs
http://www.wikidata.org/entity/Q212961,1986,5,Bauchspeicheldrüsenkrebs
http://www.wikidata.org/entity/Q212961,2016,69,Bauchspeicheldrüsenkrebs
http://www.wikidata.org/entity/Q212961,2014,60,Bauchspeicheldrüsenkrebs
http://www.wikidata.org/entity/Q212961,2011,62,Bauchspeicheldrüsenkrebs
http://www.wikidata.org/entity/Q212961,1989,8,Bauchspeicheldrüsenkrebs
http://www.wikidata.org/entity/Q212961,1994,15,Bauchspeicheldrüsenkrebs
http://www.wikidata.org/entity/Q212961,2007,52,Bauchspeicheldrüsenkrebs
http://www.wikidata.org/entity/Q212961,1977,3,Bauchspeicheldrüsenkrebs
http://www.wikidata.org/entity/Q212961,1982,8,Bauchspeicheldrüsenkrebs
http://www.wikidata.org/entity/Q212961,2003,32,Bauchspeicheldrüsenkrebs
http://www.wikidata.org/entity/Q212961,2001,19,Bauchspeicheldrüsenkrebs
http://www.wikidata.org/entity/Q212961,2009,57,Bauchspeicheldrüsenkrebs
http://www.wikidata.org/entity/Q212961,2012,44,Bauchspeicheldrüsenkrebs
http://www.wikidata.org/entity/Q212961,1993,6,Bauchspeicheldrüsenkrebs
http://www.wikidata.org/entity/Q212961,2008,50,Bauchspeicheldrüsenkrebs
http://www.wikidata.org/entity/Q212961,1996,23,Bauchspeicheldrüsenkrebs
http://www.wikidata.org/entity/Q212961,1973,4,Bauchspeicheldrüsenkrebs
http://www.wikidata.org/entity/Q212961,1966,2,Bauchspeicheldrüsenkrebs
http://www.wikidata.org/entity/Q212961,2002,17,Bauchspeicheldrüsenkrebs
http://www.wikidata.org/entity/Q212961,1962,2,Bauchspeicheldrüsenkrebs
http://www.wikidata.org/entity/Q212961,2005,39,Bauchspeicheldrüsenkrebs
http://www.wikidata.org/entity/Q212961,2010,72,Bauchspeicheldrüsenkrebs
http://www.wikidata.org/entity/Q212961,1985,9,Bauchspeicheldrüsenkrebs
http://www.wikidata.org/entity/Q212961,1984,9,Bauchspeicheldrüsenkrebs
http://www.wikidata.org/entity/Q212961,1998,17,Bauchspeicheldrüsenkrebs
http://www.wikidata.org/entity/Q212961,2017,87,Bauchspeicheldrüsenkrebs
http://www.wikidata.org/entity/Q212961,2018,67,Bauchspeicheldrüsenkrebs
http://www.wikidata.org/entity/Q212961,2004,21,Bauchspeicheldrüsenkrebs
http://www.wikidata.org/entity/Q212961,1991,7,Bauchspeicheldrüsenkrebs
http://www.wikidata.org/entity/Q212961,1974,5,Bauchspeicheldrüsenkrebs
http://www.wikidata.org/entity/Q212961,1981,5,Bauchspeicheldrüsenkrebs
http://www.wikidata.org/entity/Q212961,1983,10,Bauchspeicheldrüsenkrebs
http://www.wikidata.org/entity/Q192102,2010,3,Hautkrebs
http://www.wikidata.org/entity/Q192102,2007,4,Hautkrebs
http://www.wikidata.org/entity/Q192102,2000,1,Hautkrebs
http://www.wikidata.org/entity/Q192102,2016,2,Hautkrebs
http://www.wikidata.org/entity/Q192102,1998,4,Hautkrebs
http://www.wikidata.org/entity/Q192102,2008,4,Hautkrebs
http://www.wikidata.org/entity/Q192102,2018,4,Hautkrebs
http://www.wikidata.org/entity/Q192102,2013,2,Hautkrebs
http://www.wikidata.org/entity/Q192102,2011,5,Hautkrebs
http://www.wikidata.org/entity/Q192102,1985,1,Hautkrebs
http://www.wikidata.org/entity/Q192102,1992,1,Hautkrebs
http://www.wikidata.org/entity/Q192102,1964,1,Hautkrebs
http://www.wikidata.org/entity/Q192102,1968,1,Hautkrebs
http://www.wikidata.org/entity/Q192102,2003,3,Hautkrebs
http://www.wikidata.org/entity/Q192102,2001,1,Hautkrebs
http://www.wikidata.org/entity/Q192102,2005,2,Hautkrebs
http://www.wikidata.org/entity/Q192102,2012,2,Hautkrebs
http://www.wikidata.org/entity/Q192102,2017,5,Hautkrebs
http://www.wikidata.org/entity/Q180614,1970,1,Malignes Melanom
http://www.wikidata.org/entity/Q180614,1999,1,Malignes Melanom
http://www.wikidata.org/entity/Q180614,1986,1,Malignes Melanom
http://www.wikidata.org/entity/Q1365309,2017,1,Gliom
http://www.wikidata.org/entity/Q18554919,1973,4,Knochenkrebs
http://www.wikidata.org/entity/Q18554919,1982,4,Knochenkrebs
http://www.wikidata.org/entity/Q954625,1990,1,Myelodysplastisches Syndrom
http://www.wikidata.org/entity/Q18554919,2011,7,Knochenkrebs
http://www.wikidata.org/entity/Q18554919,2018,6,Knochenkrebs
http://www.wikidata.org/entity/Q18554919,2010,7,Knochenkrebs
http://www.wikidata.org/entity/Q18554919,1998,1,Knochenkrebs
http://www.wikidata.org/entity/Q18554919,1970,2,Knochenkrebs
http://www.wikidata.org/entity/Q18554919,2001,3,Knochenkrebs
http://www.wikidata.org/entity/Q18554919,2007,9,Knochenkrebs
http://www.wikidata.org/entity/Q18554919,2009,11,Knochenkrebs
http://www.wikidata.org/entity/Q954625,2008,1,Myelodysplastisches Syndrom
http://www.wikidata.org/entity/Q18554919,1971,2,Knochenkrebs
http://www.wikidata.org/entity/Q18554919,1986,5,Knochenkrebs
http://www.wikidata.org/entity/Q18554919,1990,6,Knochenkrebs
http://www.wikidata.org/entity/Q18554919,2012,3,Knochenkrebs
http://www.wikidata.org/entity/Q18554919,1979,2,Knochenkrebs
http://www.wikidata.org/entity/Q18554919,1983,5,Knochenkrebs
http://www.wikidata.org/entity/Q18554919,1993,5,Knochenkrebs
http://www.wikidata.org/entity/Q18554919,1989,5,Knochenkrebs
http://www.wikidata.org/entity/Q18554919,1962,1,Knochenkrebs
http://www.wikidata.org/entity/Q18554919,2006,11,Knochenkrebs
http://www.wikidata.org/entity/Q18558026,2005,1,salivary gland cancer
http://www.wikidata.org/entity/Q18554919,2013,3,Knochenkrebs
http://www.wikidata.org/entity/Q18554919,2003,6,Knochenkrebs
http://www.wikidata.org/entity/Q18554919,2002,5,Knochenkrebs
http://www.wikidata.org/entity/Q18554919,2008,11,Knochenkrebs
http://www.wikidata.org/entity/Q18554919,1967,1,Knochenkrebs
http://www.wikidata.org/entity/Q18554919,2005,8,Knochenkrebs
http://www.wikidata.org/entity/Q18554919,2017,9,Knochenkrebs
http://www.wikidata.org/entity/Q18554919,2000,4,Knochenkrebs
http://www.wikidata.org/entity/Q18554919,2015,10,Knochenkrebs
http://www.wikidata.org/entity/Q18554919,2014,7,Knochenkrebs
http://www.wikidata.org/entity/Q18554919,1977,1,Knochenkrebs
http://www.wikidata.org/entity/Q18554919,1995,6,Knochenkrebs
http://www.wikidata.org/entity/Q18554919,2016,8,Knochenkrebs
http://www.wikidata.org/entity/Q18556700,1978,1,heart sarcoma
http://www.wikidata.org/entity/Q18554919,1978,2,Knochenkrebs
http://www.wikidata.org/entity/Q18554919,1984,1,Knochenkrebs
http://www.wikidata.org/entity/Q18554919,2004,7,Knochenkrebs
http://www.wikidata.org/entity/Q18554919,1965,2,Knochenkrebs
http://www.wikidata.org/entity/Q18554919,1997,4,Knochenkrebs
http://www.wikidata.org/entity/Q18558026,2014,1,salivary gland cancer
http://www.wikidata.org/entity/Q18554919,1996,3,Knochenkrebs
http://www.wikidata.org/entity/Q18554919,1999,5,Knochenkrebs
http://www.wikidata.org/entity/Q954625,2013,2,Myelodysplastisches Syndrom
http://www.wikidata.org/entity/Q172341,1972,1,Ovarialkarzinom
http://www.wikidata.org/entity/Q172341,1970,1,Ovarialkarzinom
http://www.wikidata.org/entity/Q172341,1988,2,Ovarialkarzinom
http://www.wikidata.org/entity/Q172341,1990,1,Ovarialkarzinom
http://www.wikidata.org/entity/Q192102,1972,1,Hautkrebs
http://www.wikidata.org/entity/Q192102,1975,1,Hautkrebs
http://www.wikidata.org/entity/Q192102,2006,2,Hautkrebs
http://www.wikidata.org/entity/Q192102,2014,2,Hautkrebs
http://www.wikidata.org/entity/Q192102,2002,1,Hautkrebs
http://www.wikidata.org/entity/Q192102,1990,1,Hautkrebs
http://www.wikidata.org/entity/Q192102,2015,1,Hautkrebs
http://www.wikidata.org/entity/Q192102,2009,1,Hautkrebs
http://www.wikidata.org/entity/Q954625,2011,1,Myelodysplastisches Syndrom
http://www.wikidata.org/entity/Q18558026,2018,1,salivary gland cancer
http://www.wikidata.org/entity/Q954625,2017,1,Myelodysplastisches Syndrom
http://www.wikidata.org/entity/Q128581,1963,1,Brustkrebs
http://www.wikidata.org/entity/Q212961,1999,12,Bauchspeicheldrüsenkrebs
http://www.wikidata.org/entity/Q212961,1975,4,Bauchspeicheldrüsenkrebs
http://www.wikidata.org/entity/Q212961,2006,33,Bauchspeicheldrüsenkrebs
http://www.wikidata.org/entity/Q212961,1978,3,Bauchspeicheldrüsenkrebs
http://www.wikidata.org/entity/Q212961,1965,4,Bauchspeicheldrüsenkrebs
http://www.wikidata.org/entity/Q212961,2015,39,Bauchspeicheldrüsenkrebs
http://www.wikidata.org/entity/Q212961,2000,17,Bauchspeicheldrüsenkrebs
http://www.wikidata.org/entity/Q212961,1987,4,Bauchspeicheldrüsenkrebs
http://www.wikidata.org/entity/Q504775,1976,1,Blasenkrebs
http://www.wikidata.org/entity/Q504775,1980,1,Blasenkrebs
http://www.wikidata.org/entity/Q504775,1973,1,Blasenkrebs
http://www.wikidata.org/entity/Q504775,2001,2,Blasenkrebs
http://www.wikidata.org/entity/Q504775,1981,2,Blasenkrebs
http://www.wikidata.org/entity/Q504775,1996,1,Blasenkrebs
http://www.wikidata.org/entity/Q504775,1978,1,Blasenkrebs
http://www.wikidata.org/entity/Q504775,1989,2,Blasenkrebs
http://www.wikidata.org/entity/Q504775,1967,1,Blasenkrebs
http://www.wikidata.org/entity/Q504775,1975,1,Blasenkrebs
http://www.wikidata.org/entity/Q128581,1967,1,Brustkrebs
http://www.wikidata.org/entity/Q212961,1995,11,Bauchspeicheldrüsenkrebs
http://www.wikidata.org/entity/Q212961,1990,10,Bauchspeicheldrüsenkrebs
http://www.wikidata.org/entity/Q212961,1980,3,Bauchspeicheldrüsenkrebs
http://www.wikidata.org/entity/Q212961,1976,4,Bauchspeicheldrüsenkrebs
http://www.wikidata.org/entity/Q212961,1972,4,Bauchspeicheldrüsenkrebs
http://www.wikidata.org/entity/Q212961,1988,13,Bauchspeicheldrüsenkrebs
http://www.wikidata.org/entity/Q18556654,2018,1,pleural cancer
http://www.wikidata.org/entity/Q18556654,2010,1,pleural cancer
http://www.wikidata.org/entity/Q3242950,2009,4,Nierenkrebs
http://www.wikidata.org/entity/Q3242950,2014,7,Nierenkrebs
http://www.wikidata.org/entity/Q3242950,1998,3,Nierenkrebs
http://www.wikidata.org/entity/Q3242950,2004,5,Nierenkrebs
http://www.wikidata.org/entity/Q3242950,2012,3,Nierenkrebs
http://www.wikidata.org/entity/Q3242950,2003,5,Nierenkrebs
http://www.wikidata.org/entity/Q3242950,2005,3,Nierenkrebs
http://www.wikidata.org/entity/Q3242950,2006,9,Nierenkrebs
http://www.wikidata.org/entity/Q3242950,2016,5,Nierenkrebs
http://www.wikidata.org/entity/Q3242950,2018,6,Nierenkrebs
http://www.wikidata.org/entity/Q3242950,1999,5,Nierenkrebs
http://www.wikidata.org/entity/Q3242950,2010,8,Nierenkrebs
http://www.wikidata.org/entity/Q3242950,2011,5,Nierenkrebs
http://www.wikidata.org/entity/Q3242950,2008,9,Nierenkrebs
http://www.wikidata.org/entity/Q3242950,2007,7,Nierenkrebs
http://www.wikidata.org/entity/Q3242950,1997,2,Nierenkrebs
http://www.wikidata.org/entity/Q3242950,1996,2,Nierenkrebs
http://www.wikidata.org/entity/Q18556547,2016,1,renal pelvis carcinoma
http://www.wikidata.org/entity/Q18556547,2018,2,renal pelvis carcinoma
http://www.wikidata.org/entity/Q3242950,2013,1,Nierenkrebs
http://www.wikidata.org/entity/Q3242950,2017,6,Nierenkrebs
http://www.wikidata.org/entity/Q3242950,2001,2,Nierenkrebs
http://www.wikidata.org/entity/Q3242950,2015,6,Nierenkrebs
http://www.wikidata.org/entity/Q3242950,1995,2,Nierenkrebs
http://www.wikidata.org/entity/Q3242950,1986,1,Nierenkrebs
http://www.wikidata.org/entity/Q3242950,1993,4,Nierenkrebs
http://www.wikidata.org/entity/Q18554919,1972,2,Knochenkrebs
http://www.wikidata.org/entity/Q3242950,1992,4,Nierenkrebs
http://www.wikidata.org/entity/Q3242950,2000,4,Nierenkrebs
http://www.wikidata.org/entity/Q208414,2014,10,malignes Lymphom
http://www.wikidata.org/entity/Q208414,2008,11,malignes Lymphom
http://www.wikidata.org/entity/Q208414,2013,20,malignes Lymphom
http://www.wikidata.org/entity/Q208414,2001,9,malignes Lymphom
http://www.wikidata.org/entity/Q208414,1979,2,malignes Lymphom
http://www.wikidata.org/entity/Q208414,2012,13,malignes Lymphom
http://www.wikidata.org/entity/Q208414,2010,24,malignes Lymphom
http://www.wikidata.org/entity/Q208414,2004,13,malignes Lymphom
http://www.wikidata.org/entity/Q208414,2006,15,malignes Lymphom
http://www.wikidata.org/entity/Q208414,1970,1,malignes Lymphom
http://www.wikidata.org/entity/Q208414,1995,9,malignes Lymphom
http://www.wikidata.org/entity/Q208414,1996,5,malignes Lymphom
http://www.wikidata.org/entity/Q208414,1990,4,malignes Lymphom
http://www.wikidata.org/entity/Q208414,2009,19,malignes Lymphom
http://www.wikidata.org/entity/Q208414,1982,3,malignes Lymphom
http://www.wikidata.org/entity/Q208414,1998,8,malignes Lymphom
http://www.wikidata.org/entity/Q208414,1999,6,malignes Lymphom
http://www.wikidata.org/entity/Q208414,1986,5,malignes Lymphom
http://www.wikidata.org/entity/Q208414,2007,21,malignes Lymphom
http://www.wikidata.org/entity/Q208414,1987,4,malignes Lymphom
http://www.wikidata.org/entity/Q208414,2005,16,malignes Lymphom
http://www.wikidata.org/entity/Q208414,1985,2,malignes Lymphom
http://www.wikidata.org/entity/Q208414,2000,8,malignes Lymphom
http://www.wikidata.org/entity/Q208414,2016,12,malignes Lymphom
http://www.wikidata.org/entity/Q208414,2017,16,malignes Lymphom
http://www.wikidata.org/entity/Q208414,2015,13,malignes Lymphom
http://www.wikidata.org/entity/Q208414,2003,12,malignes Lymphom
http://www.wikidata.org/entity/Q208414,1997,8,malignes Lymphom
http://www.wikidata.org/entity/Q208414,1965,2,malignes Lymphom
http://www.wikidata.org/entity/Q208414,1994,8,malignes Lymphom
http://www.wikidata.org/entity/Q208414,2011,11,malignes Lymphom
http://www.wikidata.org/entity/Q208414,2002,5,malignes Lymphom
http://www.wikidata.org/entity/Q208414,1984,2,malignes Lymphom
http://www.wikidata.org/entity/Q208414,1989,3,malignes Lymphom
http://www.wikidata.org/entity/Q208414,1978,3,malignes Lymphom
http://www.wikidata.org/entity/Q208414,1966,2,malignes Lymphom
http://www.wikidata.org/entity/Q208414,1992,7,malignes Lymphom
http://www.wikidata.org/entity/Q212961,1997,12,Bauchspeicheldrüsenkrebs
http://www.wikidata.org/entity/Q212961,1992,8,Bauchspeicheldrüsenkrebs
http://www.wikidata.org/entity/Q212961,1971,1,Bauchspeicheldrüsenkrebs
http://www.wikidata.org/entity/Q18554919,1966,3,Knochenkrebs
http://www.wikidata.org/entity/Q18554919,1992,1,Knochenkrebs
http://www.wikidata.org/entity/Q18554919,1987,1,Knochenkrebs
http://www.wikidata.org/entity/Q18554919,1974,1,Knochenkrebs
http://www.wikidata.org/entity/Q18554919,1988,1,Knochenkrebs
http://www.wikidata.org/entity/Q18554919,1994,2,Knochenkrebs
http://www.wikidata.org/entity/Q208414,2018,12,malignes Lymphom
http://www.wikidata.org/entity/Q181257,2007,38,Prostatakrebs
http://www.wikidata.org/entity/Q181257,1999,9,Prostatakrebs
http://www.wikidata.org/entity/Q181257,2005,24,Prostatakrebs
http://www.wikidata.org/entity/Q181257,2011,33,Prostatakrebs
http://www.wikidata.org/entity/Q181257,2018,32,Prostatakrebs
http://www.wikidata.org/entity/Q181257,2013,31,Prostatakrebs
http://www.wikidata.org/entity/Q181257,2008,39,Prostatakrebs
http://www.wikidata.org/entity/Q181257,2006,51,Prostatakrebs
http://www.wikidata.org/entity/Q181257,1993,16,Prostatakrebs
http://www.wikidata.org/entity/Q181257,2014,31,Prostatakrebs
http://www.wikidata.org/entity/Q181257,2009,39,Prostatakrebs
http://www.wikidata.org/entity/Q181257,2003,20,Prostatakrebs
http://www.wikidata.org/entity/Q181257,1991,6,Prostatakrebs
http://www.wikidata.org/entity/Q181257,2010,45,Prostatakrebs
http://www.wikidata.org/entity/Q181257,2004,21,Prostatakrebs
http://www.wikidata.org/entity/Q181257,1998,9,Prostatakrebs
http://www.wikidata.org/entity/Q181257,2017,37,Prostatakrebs
http://www.wikidata.org/entity/Q181257,2001,21,Prostatakrebs
http://www.wikidata.org/entity/Q181257,1973,2,Prostatakrebs
http://www.wikidata.org/entity/Q181257,2012,36,Prostatakrebs
http://www.wikidata.org/entity/Q181257,1994,14,Prostatakrebs
http://www.wikidata.org/entity/Q181257,1970,1,Prostatakrebs
http://www.wikidata.org/entity/Q181257,2000,16,Prostatakrebs
http://www.wikidata.org/entity/Q181257,2015,36,Prostatakrebs
http://www.wikidata.org/entity/Q181257,1997,7,Prostatakrebs
http://www.wikidata.org/entity/Q181257,1996,13,Prostatakrebs
http://www.wikidata.org/entity/Q181257,1974,3,Prostatakrebs
http://www.wikidata.org/entity/Q181257,1963,1,Prostatakrebs
http://www.wikidata.org/entity/Q181257,1987,6,Prostatakrebs
http://www.wikidata.org/entity/Q181257,1978,3,Prostatakrebs
http://www.wikidata.org/entity/Q181257,1972,4,Prostatakrebs
http://www.wikidata.org/entity/Q181257,1995,10,Prostatakrebs
http://www.wikidata.org/entity/Q1209744,2006,1,Uteruskarzinom
http://www.wikidata.org/entity/Q1209744,2018,1,Uteruskarzinom
http://www.wikidata.org/entity/Q181257,1961,3,Prostatakrebs
http://www.wikidata.org/entity/Q181257,1971,1,Prostatakrebs
http://www.wikidata.org/entity/Q1209744,2012,1,Uteruskarzinom
http://www.wikidata.org/entity/Q181257,1989,5,Prostatakrebs
http://www.wikidata.org/entity/Q181257,1976,1,Prostatakrebs
http://www.wikidata.org/entity/Q181257,1990,5,Prostatakrebs
http://www.wikidata.org/entity/Q181257,1975,2,Prostatakrebs
http://www.wikidata.org/entity/Q181257,1967,4,Prostatakrebs
http://www.wikidata.org/entity/Q1209744,1974,2,Uteruskarzinom
http://www.wikidata.org/entity/Q1209744,2010,5,Uteruskarzinom
http://www.wikidata.org/entity/Q1209744,2001,1,Uteruskarzinom
http://www.wikidata.org/entity/Q1209744,1968,1,Uteruskarzinom
http://www.wikidata.org/entity/Q3542031,2018,1,small intestine cancer
http://www.wikidata.org/entity/Q1209744,1995,1,Uteruskarzinom
http://www.wikidata.org/entity/Q1209744,1961,1,Uteruskarzinom
http://www.wikidata.org/entity/Q1209744,1994,1,Uteruskarzinom
http://www.wikidata.org/entity/Q1209744,2005,1,Uteruskarzinom
http://www.wikidata.org/entity/Q1209744,2014,2,Uteruskarzinom
http://www.wikidata.org/entity/Q1209744,2004,1,Uteruskarzinom
http://www.wikidata.org/entity/Q1209744,1999,1,Uteruskarzinom
http://www.wikidata.org/entity/Q1209744,1997,1,Uteruskarzinom
http://www.wikidata.org/entity/Q1209744,2016,2,Uteruskarzinom
http://www.wikidata.org/entity/Q1209744,2017,4,Uteruskarzinom
http://www.wikidata.org/entity/Q1209744,2013,2,Uteruskarzinom
http://www.wikidata.org/entity/Q4781026,2015,1,appendix cancer
http://www.wikidata.org/entity/Q1429863,2017,1,Thymom
http://www.wikidata.org/entity/Q2774221,2011,1,Lymphknotenmetastase
http://www.wikidata.org/entity/Q1209744,2007,1,Uteruskarzinom
http://www.wikidata.org/entity/Q1209744,2002,1,Uteruskarzinom
http://www.wikidata.org/entity/Q25339127,2015,1,diffuse intrinsic pontine glioma
http://www.wikidata.org/entity/Q1209744,2011,1,Uteruskarzinom
http://www.wikidata.org/entity/Q3242950,1965,1,Nierenkrebs
http://www.wikidata.org/entity/Q3242950,1976,2,Nierenkrebs
http://www.wikidata.org/entity/Q3242950,1962,1,Nierenkrebs
http://www.wikidata.org/entity/Q3242950,1967,1,Nierenkrebs
http://www.wikidata.org/entity/Q3242950,1991,1,Nierenkrebs
http://www.wikidata.org/entity/Q3242950,1982,1,Nierenkrebs
http://www.wikidata.org/entity/Q3242950,1978,1,Nierenkrebs
http://www.wikidata.org/entity/Q3242950,1969,1,Nierenkrebs
http://www.wikidata.org/entity/Q3242950,1961,1,Nierenkrebs
http://www.wikidata.org/entity/Q3242950,1994,1,Nierenkrebs
http://www.wikidata.org/entity/Q3242950,2002,1,Nierenkrebs
http://www.wikidata.org/entity/Q3242950,1966,1,Nierenkrebs
http://www.wikidata.org/entity/Q3242950,1983,1,Nierenkrebs
http://www.wikidata.org/entity/Q3242950,1989,1,Nierenkrebs
http://www.wikidata.org/entity/Q2030989,2007,1,Herztumor
http://www.wikidata.org/entity/Q212961,1970,1,Bauchspeicheldrüsenkrebs
http://www.wikidata.org/entity/Q181257,1981,1,Prostatakrebs
http://www.wikidata.org/entity/Q181257,1962,2,Prostatakrebs
http://www.wikidata.org/entity/Q181257,1979,2,Prostatakrebs
http://www.wikidata.org/entity/Q181257,1986,5,Prostatakrebs
http://www.wikidata.org/entity/Q181257,2016,21,Prostatakrebs
http://www.wikidata.org/entity/Q181257,1983,4,Prostatakrebs
http://www.wikidata.org/entity/Q181257,2002,10,Prostatakrebs
http://www.wikidata.org/entity/Q181257,1988,2,Prostatakrebs
http://www.wikidata.org/entity/Q4781026,2011,1,appendix cancer
http://www.wikidata.org/entity/Q208414,1981,2,malignes Lymphom
http://www.wikidata.org/entity/Q208414,1967,2,malignes Lymphom
http://www.wikidata.org/entity/Q208414,1988,2,malignes Lymphom
http://www.wikidata.org/entity/Q208414,1983,3,malignes Lymphom
http://www.wikidata.org/entity/Q212961,1979,4,Bauchspeicheldrüsenkrebs
http://www.wikidata.org/entity/Q212961,1961,3,Bauchspeicheldrüsenkrebs
http://www.wikidata.org/entity/Q181257,1982,1,Prostatakrebs
http://www.wikidata.org/entity/Q188874,2009,38,kolorektales Karzinom
http://www.wikidata.org/entity/Q188874,1992,13,kolorektales Karzinom
http://www.wikidata.org/entity/Q188874,2013,31,kolorektales Karzinom
http://www.wikidata.org/entity/Q188874,2002,10,kolorektales Karzinom
http://www.wikidata.org/entity/Q188874,1995,12,kolorektales Karzinom
http://www.wikidata.org/entity/Q188874,2007,39,kolorektales Karzinom
http://www.wikidata.org/entity/Q188874,2012,30,kolorektales Karzinom
http://www.wikidata.org/entity/Q188874,1964,3,kolorektales Karzinom
http://www.wikidata.org/entity/Q188874,1993,13,kolorektales Karzinom
http://www.wikidata.org/entity/Q188874,2018,30,kolorektales Karzinom
http://www.wikidata.org/entity/Q264118,2016,3,Akute myeloische Leukämie
http://www.wikidata.org/entity/Q188874,1994,8,kolorektales Karzinom
http://www.wikidata.org/entity/Q188874,2016,28,kolorektales Karzinom
http://www.wikidata.org/entity/Q188874,2010,39,kolorektales Karzinom
http://www.wikidata.org/entity/Q160105,2009,3,Zervixkarzinom
http://www.wikidata.org/entity/Q188874,2001,9,kolorektales Karzinom
http://www.wikidata.org/entity/Q264118,2006,2,Akute myeloische Leukämie
http://www.wikidata.org/entity/Q188874,1997,9,kolorektales Karzinom
http://www.wikidata.org/entity/Q188874,1978,4,kolorektales Karzinom
http://www.wikidata.org/entity/Q1088156,2005,1,Chronische lymphatische Leukämie
http://www.wikidata.org/entity/Q160105,2017,3,Zervixkarzinom
http://www.wikidata.org/entity/Q180664,1984,1,Akute lymphatische Leukämie
http://www.wikidata.org/entity/Q160105,2005,2,Zervixkarzinom
http://www.wikidata.org/entity/Q264118,2012,3,Akute myeloische Leukämie
http://www.wikidata.org/entity/Q160105,2003,2,Zervixkarzinom
http://www.wikidata.org/entity/Q264118,2004,1,Akute myeloische Leukämie
http://www.wikidata.org/entity/Q160105,1984,1,Zervixkarzinom
http://www.wikidata.org/entity/Q160105,1991,1,Zervixkarzinom
http://www.wikidata.org/entity/Q18554893,2015,1,ocular melanoma
http://www.wikidata.org/entity/Q944777,2017,1,Endometriumkarzinom
http://www.wikidata.org/entity/Q160105,1992,1,Zervixkarzinom
http://www.wikidata.org/entity/Q160105,2011,2,Zervixkarzinom
http://www.wikidata.org/entity/Q160105,2000,1,Zervixkarzinom
http://www.wikidata.org/entity/Q160105,1980,1,Zervixkarzinom
http://www.wikidata.org/entity/Q160105,2013,2,Zervixkarzinom
http://www.wikidata.org/entity/Q729735,2003,1,Chronische myeloische Leukämie
http://www.wikidata.org/entity/Q160105,2016,3,Zervixkarzinom
http://www.wikidata.org/entity/Q264118,1964,1,Akute myeloische Leukämie
http://www.wikidata.org/entity/Q1088156,2013,1,Chronische lymphatische Leukämie
http://www.wikidata.org/entity/Q1088156,1994,1,Chronische lymphatische Leukämie
http://www.wikidata.org/entity/Q160105,2012,3,Zervixkarzinom
http://www.wikidata.org/entity/Q264118,2018,4,Akute myeloische Leukämie
http://www.wikidata.org/entity/Q160105,2010,4,Zervixkarzinom
http://www.wikidata.org/entity/Q160105,2004,1,Zervixkarzinom
http://www.wikidata.org/entity/Q160105,1990,1,Zervixkarzinom
http://www.wikidata.org/entity/Q160105,2014,5,Zervixkarzinom
http://www.wikidata.org/entity/Q160105,2018,3,Zervixkarzinom
http://www.wikidata.org/entity/Q160105,1994,1,Zervixkarzinom
http://www.wikidata.org/entity/Q160105,1995,1,Zervixkarzinom
http://www.wikidata.org/entity/Q160105,2007,1,Zervixkarzinom
http://www.wikidata.org/entity/Q180664,2006,1,Akute lymphatische Leukämie
http://www.wikidata.org/entity/Q160105,2015,2,Zervixkarzinom
http://www.wikidata.org/entity/Q264118,2015,1,Akute myeloische Leukämie
http://www.wikidata.org/entity/Q160105,1973,1,Zervixkarzinom
http://www.wikidata.org/entity/Q208414,1974,3,malignes Lymphom
http://www.wikidata.org/entity/Q208414,1980,3,malignes Lymphom
http://www.wikidata.org/entity/Q208414,1976,2,malignes Lymphom
http://www.wikidata.org/entity/Q208414,1963,3,malignes Lymphom
http://www.wikidata.org/entity/Q208414,1968,1,malignes Lymphom
http://www.wikidata.org/entity/Q208414,1993,4,malignes Lymphom
http://www.wikidata.org/entity/Q188874,1973,2,kolorektales Karzinom
http://www.wikidata.org/entity/Q212961,1969,1,Bauchspeicheldrüsenkrebs
http://www.wikidata.org/entity/Q188874,1987,9,kolorektales Karzinom
http://www.wikidata.org/entity/Q188874,2006,24,kolorektales Karzinom
http://www.wikidata.org/entity/Q188874,2000,18,kolorektales Karzinom
http://www.wikidata.org/entity/Q188874,1982,4,kolorektales Karzinom
http://www.wikidata.org/entity/Q188874,1984,8,kolorektales Karzinom
http://www.wikidata.org/entity/Q188874,2011,25,kolorektales Karzinom
http://www.wikidata.org/entity/Q188874,1970,6,kolorektales Karzinom
http://www.wikidata.org/entity/Q188874,1975,2,kolorektales Karzinom
http://www.wikidata.org/entity/Q188874,2005,26,kolorektales Karzinom
http://www.wikidata.org/entity/Q188874,2008,36,kolorektales Karzinom
http://www.wikidata.org/entity/Q188874,1996,3,kolorektales Karzinom
http://www.wikidata.org/entity/Q188874,2003,14,kolorektales Karzinom
http://www.wikidata.org/entity/Q188874,2014,26,kolorektales Karzinom
http://www.wikidata.org/entity/Q188874,2015,30,kolorektales Karzinom
http://www.wikidata.org/entity/Q188874,1999,13,kolorektales Karzinom
http://www.wikidata.org/entity/Q188874,1974,3,kolorektales Karzinom
http://www.wikidata.org/entity/Q188874,2017,31,kolorektales Karzinom
http://www.wikidata.org/entity/Q188874,1981,6,kolorektales Karzinom
http://www.wikidata.org/entity/Q188874,1998,10,kolorektales Karzinom
http://www.wikidata.org/entity/Q188874,1986,4,kolorektales Karzinom
http://www.wikidata.org/entity/Q188874,1985,3,kolorektales Karzinom
http://www.wikidata.org/entity/Q188874,1969,3,kolorektales Karzinom
http://www.wikidata.org/entity/Q18554460,2003,21,Hirnkrebs
http://www.wikidata.org/entity/Q18554460,2015,36,Hirnkrebs
http://www.wikidata.org/entity/Q188874,1988,9,kolorektales Karzinom
http://www.wikidata.org/entity/Q188874,1963,1,kolorektales Karzinom
http://www.wikidata.org/entity/Q188874,1983,2,kolorektales Karzinom
http://www.wikidata.org/entity/Q188874,2004,23,kolorektales Karzinom
http://www.wikidata.org/entity/Q181257,1984,1,Prostatakrebs
http://www.wikidata.org/entity/Q264118,2017,1,Akute myeloische Leukämie
http://www.wikidata.org/entity/Q18554460,1994,10,Hirnkrebs
http://www.wikidata.org/entity/Q18554460,1984,4,Hirnkrebs
http://www.wikidata.org/entity/Q18554460,1993,16,Hirnkrebs
http://www.wikidata.org/entity/Q18554460,1997,14,Hirnkrebs
http://www.wikidata.org/entity/Q18554460,1969,4,Hirnkrebs
http://www.wikidata.org/entity/Q18554460,1980,7,Hirnkrebs
http://www.wikidata.org/entity/Q18554460,2009,40,Hirnkrebs
http://www.wikidata.org/entity/Q18554460,2018,33,Hirnkrebs
http://www.wikidata.org/entity/Q18554460,2016,42,Hirnkrebs
http://www.wikidata.org/entity/Q18554460,2012,26,Hirnkrebs
http://www.wikidata.org/entity/Q18554460,2013,33,Hirnkrebs
http://www.wikidata.org/entity/Q18554460,2014,36,Hirnkrebs
http://www.wikidata.org/entity/Q18554460,2005,36,Hirnkrebs
http://www.wikidata.org/entity/Q18554460,2007,39,Hirnkrebs
http://www.wikidata.org/entity/Q18554460,1995,8,Hirnkrebs
http://www.wikidata.org/entity/Q18554460,1999,12,Hirnkrebs
http://www.wikidata.org/entity/Q18554460,2002,19,Hirnkrebs
http://www.wikidata.org/entity/Q18554460,1965,3,Hirnkrebs
http://www.wikidata.org/entity/Q18554460,2006,37,Hirnkrebs
http://www.wikidata.org/entity/Q18554460,1961,1,Hirnkrebs
http://www.wikidata.org/entity/Q18554460,1968,4,Hirnkrebs
http://www.wikidata.org/entity/Q18554460,2008,37,Hirnkrebs
http://www.wikidata.org/entity/Q1711744,2012,1,Merkelzellkarzinom
http://www.wikidata.org/entity/Q18554460,2017,40,Hirnkrebs
http://www.wikidata.org/entity/Q18554460,1970,6,Hirnkrebs
http://www.wikidata.org/entity/Q18554460,1987,13,Hirnkrebs
http://www.wikidata.org/entity/Q18554460,2004,20,Hirnkrebs
http://www.wikidata.org/entity/Q18554460,1975,4,Hirnkrebs
http://www.wikidata.org/entity/Q18554460,2011,22,Hirnkrebs
http://www.wikidata.org/entity/Q18554460,1977,6,Hirnkrebs
http://www.wikidata.org/entity/Q18554460,2001,10,Hirnkrebs
http://www.wikidata.org/entity/Q18554460,2010,32,Hirnkrebs
http://www.wikidata.org/entity/Q18554460,1986,5,Hirnkrebs
http://www.wikidata.org/entity/Q6742919,2017,1,male breast cancer
http://www.wikidata.org/entity/Q6742919,1993,1,male breast cancer
http://www.wikidata.org/entity/Q1711744,2008,1,Merkelzellkarzinom
http://www.wikidata.org/entity/Q1711744,2014,1,Merkelzellkarzinom
http://www.wikidata.org/entity/Q181257,1992,4,Prostatakrebs
http://www.wikidata.org/entity/Q181257,1980,2,Prostatakrebs
http://www.wikidata.org/entity/Q181257,1985,1,Prostatakrebs
http://www.wikidata.org/entity/Q18554460,1963,4,Hirnkrebs
http://www.wikidata.org/entity/Q18554460,2000,13,Hirnkrebs
http://www.wikidata.org/entity/Q18554460,1996,15,Hirnkrebs
http://www.wikidata.org/entity/Q18554460,1998,13,Hirnkrebs
http://www.wikidata.org/entity/Q18554460,1964,5,Hirnkrebs
http://www.wikidata.org/entity/Q18554460,1985,3,Hirnkrebs
http://www.wikidata.org/entity/Q18554460,1983,2,Hirnkrebs
http://www.wikidata.org/entity/Q18554460,1992,8,Hirnkrebs
http://www.wikidata.org/entity/Q18554460,1971,5,Hirnkrebs
http://www.wikidata.org/entity/Q18554460,1991,5,Hirnkrebs
http://www.wikidata.org/entity/Q18554460,1982,6,Hirnkrebs
http://www.wikidata.org/entity/Q18554460,1973,4,Hirnkrebs
http://www.wikidata.org/entity/Q208414,1991,3,malignes Lymphom
http://www.wikidata.org/entity/Q208414,1969,1,malignes Lymphom
http://www.wikidata.org/entity/Q208414,1977,1,malignes Lymphom
http://www.wikidata.org/entity/Q208414,1962,1,malignes Lymphom
http://www.wikidata.org/entity/Q1088072,2011,1,Chronische myelomonozytäre Leukämie
http://www.wikidata.org/entity/Q976388,2014,1,acute leukemia
http://www.wikidata.org/entity/Q976388,2017,1,acute leukemia
http://www.wikidata.org/entity/Q976388,2005,1,acute leukemia
http://www.wikidata.org/entity/Q372701,2011,18,Speiseröhrenkrebs
http://www.wikidata.org/entity/Q372701,2009,24,Speiseröhrenkrebs
http://www.wikidata.org/entity/Q372701,2010,26,Speiseröhrenkrebs
http://www.wikidata.org/entity/Q372701,1996,6,Speiseröhrenkrebs
http://www.wikidata.org/entity/Q372701,2002,16,Speiseröhrenkrebs
http://www.wikidata.org/entity/Q372701,1982,5,Speiseröhrenkrebs
http://www.wikidata.org/entity/Q372701,1989,11,Speiseröhrenkrebs
http://www.wikidata.org/entity/Q372701,2016,9,Speiseröhrenkrebs
http://www.wikidata.org/entity/Q372701,1975,4,Speiseröhrenkrebs
http://www.wikidata.org/entity/Q372701,2006,23,Speiseröhrenkrebs
http://www.wikidata.org/entity/Q372701,1968,2,Speiseröhrenkrebs
http://www.wikidata.org/entity/Q372701,2012,21,Speiseröhrenkrebs
http://www.wikidata.org/entity/Q372701,2015,12,Speiseröhrenkrebs
http://www.wikidata.org/entity/Q372701,2004,11,Speiseröhrenkrebs
http://www.wikidata.org/entity/Q372701,2008,26,Speiseröhrenkrebs
http://www.wikidata.org/entity/Q372701,2017,13,Speiseröhrenkrebs
http://www.wikidata.org/entity/Q372701,2007,18,Speiseröhrenkrebs
http://www.wikidata.org/entity/Q372701,1997,3,Speiseröhrenkrebs
http://www.wikidata.org/entity/Q372701,1999,10,Speiseröhrenkrebs
http://www.wikidata.org/entity/Q372701,2001,11,Speiseröhrenkrebs
http://www.wikidata.org/entity/Q372701,2013,21,Speiseröhrenkrebs
http://www.wikidata.org/entity/Q372701,1972,5,Speiseröhrenkrebs
http://www.wikidata.org/entity/Q372701,1985,2,Speiseröhrenkrebs
http://www.wikidata.org/entity/Q372701,2005,15,Speiseröhrenkrebs
http://www.wikidata.org/entity/Q372701,2018,14,Speiseröhrenkrebs
http://www.wikidata.org/entity/Q372701,1969,4,Speiseröhrenkrebs
http://www.wikidata.org/entity/Q372701,2003,12,Speiseröhrenkrebs
http://www.wikidata.org/entity/Q372701,1979,3,Speiseröhrenkrebs
http://www.wikidata.org/entity/Q372701,1987,4,Speiseröhrenkrebs
http://www.wikidata.org/entity/Q372701,2014,14,Speiseröhrenkrebs
http://www.wikidata.org/entity/Q372701,1980,2,Speiseröhrenkrebs
http://www.wikidata.org/entity/Q372701,1984,3,Speiseröhrenkrebs
http://www.wikidata.org/entity/Q372701,1974,3,Speiseröhrenkrebs
http://www.wikidata.org/entity/Q372701,1961,2,Speiseröhrenkrebs
http://www.wikidata.org/entity/Q372701,1992,6,Speiseröhrenkrebs
http://www.wikidata.org/entity/Q188874,1967,2,kolorektales Karzinom
http://www.wikidata.org/entity/Q188874,1977,2,kolorektales Karzinom
http://www.wikidata.org/entity/Q188874,1979,6,kolorektales Karzinom
http://www.wikidata.org/entity/Q188874,1980,2,kolorektales Karzinom
http://www.wikidata.org/entity/Q188874,1965,3,kolorektales Karzinom
http://www.wikidata.org/entity/Q188874,1961,1,kolorektales Karzinom
http://www.wikidata.org/entity/Q188874,1990,4,kolorektales Karzinom
http://www.wikidata.org/entity/Q188874,1972,1,kolorektales Karzinom
http://www.wikidata.org/entity/Q188874,1971,2,kolorektales Karzinom
http://www.wikidata.org/entity/Q188874,1976,2,kolorektales Karzinom
http://www.wikidata.org/entity/Q188874,1989,2,kolorektales Karzinom
http://www.wikidata.org/entity/Q372701,1991,4,Speiseröhrenkrebs
http://www.wikidata.org/entity/Q372701,1967,3,Speiseröhrenkrebs
http://www.wikidata.org/entity/Q372701,2000,8,Speiseröhrenkrebs
http://www.wikidata.org/entity/Q372701,1963,1,Speiseröhrenkrebs
http://www.wikidata.org/entity/Q372701,1971,2,Speiseröhrenkrebs
http://www.wikidata.org/entity/Q372701,1998,10,Speiseröhrenkrebs
http://www.wikidata.org/entity/Q372701,1993,5,Speiseröhrenkrebs
http://www.wikidata.org/entity/Q372701,1988,3,Speiseröhrenkrebs
http://www.wikidata.org/entity/Q372701,1965,3,Speiseröhrenkrebs
http://www.wikidata.org/entity/Q372701,1995,6,Speiseröhrenkrebs
http://www.wikidata.org/entity/Q18554460,1990,7,Hirnkrebs
http://www.wikidata.org/entity/Q18554460,1981,5,Hirnkrebs
http://www.wikidata.org/entity/Q18554460,1979,4,Hirnkrebs
http://www.wikidata.org/entity/Q18554460,1988,6,Hirnkrebs
http://www.wikidata.org/entity/Q18554460,1962,2,Hirnkrebs
http://www.wikidata.org/entity/Q18554460,1967,2,Hirnkrebs
http://www.wikidata.org/entity/Q18554460,1966,3,Hirnkrebs
http://www.wikidata.org/entity/Q188874,1991,1,kolorektales Karzinom
http://www.wikidata.org/entity/Q188874,1962,1,kolorektales Karzinom
http://www.wikidata.org/entity/Q188874,1966,2,kolorektales Karzinom
http://www.wikidata.org/entity/Q1164529,1976,1,Nierenkrebs
http://www.wikidata.org/entity/Q1148337,1991,1,Leberzellkarzinom
http://www.wikidata.org/entity/Q1148337,2000,2,Leberzellkarzinom
http://www.wikidata.org/entity/Q1827425,2016,2,Liposarkom
http://www.wikidata.org/entity/Q3843804,2015,1,Acute erythroid leukemia
http://www.wikidata.org/entity/Q1148337,1989,1,Leberzellkarzinom
http://www.wikidata.org/entity/Q1827425,2014,1,Liposarkom
http://www.wikidata.org/entity/Q1164529,2014,1,Nierenkrebs
http://www.wikidata.org/entity/Q1148337,1987,1,Leberzellkarzinom
http://www.wikidata.org/entity/Q1827425,2008,1,Liposarkom
http://www.wikidata.org/entity/Q18554460,1989,5,Hirnkrebs
http://www.wikidata.org/entity/Q18554460,1972,4,Hirnkrebs
http://www.wikidata.org/entity/Q1898141,2011,1,Rhabdomyosarkom
http://www.wikidata.org/entity/Q18554460,1974,1,Hirnkrebs
http://www.wikidata.org/entity/Q1148337,2012,1,Leberzellkarzinom
http://www.wikidata.org/entity/Q1164529,2012,1,Nierenkrebs
http://www.wikidata.org/entity/Q1148337,2010,2,Leberzellkarzinom
http://www.wikidata.org/entity/Q1148337,1992,1,Leberzellkarzinom
http://www.wikidata.org/entity/Q1148337,2013,1,Leberzellkarzinom
http://www.wikidata.org/entity/Q1148337,2015,1,Leberzellkarzinom
http://www.wikidata.org/entity/Q1148337,2005,1,Leberzellkarzinom
http://www.wikidata.org/entity/Q1148337,1999,1,Leberzellkarzinom
http://www.wikidata.org/entity/Q372701,1981,3,Speiseröhrenkrebs
http://www.wikidata.org/entity/Q372701,1994,2,Speiseröhrenkrebs
http://www.wikidata.org/entity/Q324464,1978,1,Hodenkrebs
http://www.wikidata.org/entity/Q372701,1986,1,Speiseröhrenkrebs
http://www.wikidata.org/entity/Q372701,1970,2,Speiseröhrenkrebs
http://www.wikidata.org/entity/Q372701,1977,1,Speiseröhrenkrebs
http://www.wikidata.org/entity/Q372701,1966,1,Speiseröhrenkrebs
http://www.wikidata.org/entity/Q324464,1999,1,Hodenkrebs
http://www.wikidata.org/entity/Q372701,1990,5,Speiseröhrenkrebs
http://www.wikidata.org/entity/Q372701,1973,4,Speiseröhrenkrebs
http://www.wikidata.org/entity/Q324464,2013,1,Hodenkrebs
http://www.wikidata.org/entity/Q324464,1970,1,Hodenkrebs
http://www.wikidata.org/entity/Q324464,2007,1,Hodenkrebs
http://www.wikidata.org/entity/Q324464,1987,1,Hodenkrebs
http://www.wikidata.org/entity/Q324464,1965,1,Hodenkrebs
http://www.wikidata.org/entity/Q324464,2014,2,Hodenkrebs
http://www.wikidata.org/entity/Q324464,1966,2,Hodenkrebs
http://www.wikidata.org/entity/Q324464,2000,2,Hodenkrebs
http://www.wikidata.org/entity/Q324464,2008,1,Hodenkrebs
http://www.wikidata.org/entity/Q372701,1964,2,Speiseröhrenkrebs
http://www.wikidata.org/entity/Q467635,2010,9,multiples Myelom
http://www.wikidata.org/entity/Q467635,2015,11,multiples Myelom
http://www.wikidata.org/entity/Q467635,1973,1,multiples Myelom
http://www.wikidata.org/entity/Q467635,2000,4,multiples Myelom
http://www.wikidata.org/entity/Q467635,2009,14,multiples Myelom
http://www.wikidata.org/entity/Q467635,2008,14,multiples Myelom
http://www.wikidata.org/entity/Q467635,2013,12,multiples Myelom
http://www.wikidata.org/entity/Q467635,1962,2,multiples Myelom
http://www.wikidata.org/entity/Q467635,2017,12,multiples Myelom
http://www.wikidata.org/entity/Q467635,2016,8,multiples Myelom
http://www.wikidata.org/entity/Q467635,2004,4,multiples Myelom
http://www.wikidata.org/entity/Q467635,2001,2,multiples Myelom
http://www.wikidata.org/entity/Q467635,1989,2,multiples Myelom
http://www.wikidata.org/entity/Q467635,2012,17,multiples Myelom
http://www.wikidata.org/entity/Q467635,2002,5,multiples Myelom
http://www.wikidata.org/entity/Q467635,2014,15,multiples Myelom
http://www.wikidata.org/entity/Q467635,2018,8,multiples Myelom
http://www.wikidata.org/entity/Q467635,1997,4,multiples Myelom
http://www.wikidata.org/entity/Q467635,1999,2,multiples Myelom
http://www.wikidata.org/entity/Q467635,2006,8,multiples Myelom
http://www.wikidata.org/entity/Q467635,1976,1,multiples Myelom
http://www.wikidata.org/entity/Q467635,2007,9,multiples Myelom
http://www.wikidata.org/entity/Q467635,1993,3,multiples Myelom
http://www.wikidata.org/entity/Q467635,1998,2,multiples Myelom
http://www.wikidata.org/entity/Q467635,2011,6,multiples Myelom
http://www.wikidata.org/entity/Q467635,2003,7,multiples Myelom
http://www.wikidata.org/entity/Q467635,1994,1,multiples Myelom
http://www.wikidata.org/entity/Q467635,2005,2,multiples Myelom
http://www.wikidata.org/entity/Q467635,1977,1,multiples Myelom
http://www.wikidata.org/entity/Q212961,1968,1,Bauchspeicheldrüsenkrebs
http://www.wikidata.org/entity/Q324464,1990,2,Hodenkrebs
http://www.wikidata.org/entity/Q324464,2006,1,Hodenkrebs
http://www.wikidata.org/entity/Q324464,1976,1,Hodenkrebs
http://www.wikidata.org/entity/Q324464,2002,1,Hodenkrebs
http://www.wikidata.org/entity/Q324464,1981,1,Hodenkrebs
http://www.wikidata.org/entity/Q324464,1975,1,Hodenkrebs
http://www.wikidata.org/entity/Q324464,1968,1,Hodenkrebs
http://www.wikidata.org/entity/Q372701,1983,1,Speiseröhrenkrebs
http://www.wikidata.org/entity/Q372701,1962,2,Speiseröhrenkrebs
http://www.wikidata.org/entity/Q467635,1970,2,multiples Myelom
http://www.wikidata.org/entity/Q467635,1983,1,multiples Myelom
http://www.wikidata.org/entity/Q467635,1992,1,multiples Myelom
http://www.wikidata.org/entity/Q467635,1981,3,multiples Myelom
http://www.wikidata.org/entity/Q467635,1990,3,multiples Myelom
http://www.wikidata.org/entity/Q467635,1968,1,multiples Myelom
http://www.wikidata.org/entity/Q467635,1996,3,multiples Myelom
http://www.wikidata.org/entity/Q467635,1987,1,multiples Myelom
http://www.wikidata.org/entity/Q467635,1980,1,multiples Myelom
http://www.wikidata.org/entity/Q467635,1995,2,multiples Myelom
http://www.wikidata.org/entity/Q18555025,2013,1,colon cancer
http://www.wikidata.org/entity/Q1752571,2015,1,Osteomyelofibrose
http://www.wikidata.org/entity/Q484827,2009,1,Analkarzinom
http://www.wikidata.org/entity/Q2619315,2018,1,Synovialsarkom
http://www.wikidata.org/entity/Q484827,2005,1,Analkarzinom
http://www.wikidata.org/entity/Q870891,2014,1,linitis plastica
http://www.wikidata.org/entity/Q18554265,2017,1,sigmoid colon cancer
http://www.wikidata.org/entity/Q18555025,2017,2,colon cancer
http://www.wikidata.org/entity/Q18555025,2018,1,colon cancer
http://www.wikidata.org/entity/Q623031,2006,34,Leberkrebs
http://www.wikidata.org/entity/Q623031,2011,32,Leberkrebs
http://www.wikidata.org/entity/Q623031,1982,5,Leberkrebs
http://www.wikidata.org/entity/Q623031,2015,41,Leberkrebs
http://www.wikidata.org/entity/Q623031,2013,26,Leberkrebs
http://www.wikidata.org/entity/Q623031,1992,12,Leberkrebs
http://www.wikidata.org/entity/Q623031,1990,10,Leberkrebs
http://www.wikidata.org/entity/Q623031,2009,33,Leberkrebs
http://www.wikidata.org/entity/Q623031,2007,34,Leberkrebs
http://www.wikidata.org/entity/Q623031,1964,4,Leberkrebs
http://www.wikidata.org/entity/Q623031,1995,19,Leberkrebs
http://www.wikidata.org/entity/Q623031,1967,5,Leberkrebs
http://www.wikidata.org/entity/Q623031,1998,16,Leberkrebs
http://www.wikidata.org/entity/Q623031,1971,3,Leberkrebs
http://www.wikidata.org/entity/Q623031,1974,2,Leberkrebs
http://www.wikidata.org/entity/Q623031,2014,32,Leberkrebs
http://www.wikidata.org/entity/Q623031,2017,33,Leberkrebs
http://www.wikidata.org/entity/Q623031,2012,33,Leberkrebs
http://www.wikidata.org/entity/Q623031,1977,8,Leberkrebs
http://www.wikidata.org/entity/Q623031,1999,23,Leberkrebs
http://www.wikidata.org/entity/Q623031,2004,22,Leberkrebs
http://www.wikidata.org/entity/Q623031,2010,32,Leberkrebs
http://www.wikidata.org/entity/Q623031,2005,20,Leberkrebs
http://www.wikidata.org/entity/Q623031,1988,8,Leberkrebs
http://www.wikidata.org/entity/Q623031,1997,20,Leberkrebs
http://www.wikidata.org/entity/Q623031,2002,18,Leberkrebs
http://www.wikidata.org/entity/Q623031,2016,26,Leberkrebs
http://www.wikidata.org/entity/Q623031,1985,6,Leberkrebs
http://www.wikidata.org/entity/Q623031,2001,18,Leberkrebs
http://www.wikidata.org/entity/Q623031,2008,34,Leberkrebs
http://www.wikidata.org/entity/Q623031,2018,27,Leberkrebs
http://www.wikidata.org/entity/Q623031,1991,11,Leberkrebs
http://www.wikidata.org/entity/Q623031,1994,10,Leberkrebs
http://www.wikidata.org/entity/Q623031,2000,14,Leberkrebs
http://www.wikidata.org/entity/Q268713,2017,1,Mantelzelllymphom
http://www.wikidata.org/entity/Q372701,1976,1,Speiseröhrenkrebs
http://www.wikidata.org/entity/Q467635,1974,1,multiples Myelom
http://www.wikidata.org/entity/Q18554460,1976,2,Hirnkrebs
http://www.wikidata.org/entity/Q623031,1983,2,Leberkrebs
http://www.wikidata.org/entity/Q623031,2003,15,Leberkrebs
http://www.wikidata.org/entity/Q623031,1980,3,Leberkrebs
http://www.wikidata.org/entity/Q623031,1989,3,Leberkrebs
http://www.wikidata.org/entity/Q623031,1993,9,Leberkrebs
http://www.wikidata.org/entity/Q623031,1996,9,Leberkrebs
http://www.wikidata.org/entity/Q623031,1987,4,Leberkrebs
http://www.wikidata.org/entity/Q623031,1978,2,Leberkrebs
http://www.wikidata.org/entity/Q977787,1976,1,Gallenblasenkarzinom
http://www.wikidata.org/entity/Q18556900,2016,1,spinal cancer
http://www.wikidata.org/entity/Q977787,2013,2,Gallenblasenkarzinom
http://www.wikidata.org/entity/Q977787,2018,6,Gallenblasenkarzinom
http://www.wikidata.org/entity/Q623031,1973,2,Leberkrebs
http://www.wikidata.org/entity/Q623031,1986,2,Leberkrebs
http://www.wikidata.org/entity/Q623031,1984,5,Leberkrebs
http://www.wikidata.org/entity/Q977787,1969,1,Gallenblasenkarzinom
http://www.wikidata.org/entity/Q977787,2008,3,Gallenblasenkarzinom
http://www.wikidata.org/entity/Q977787,2007,1,Gallenblasenkarzinom
http://www.wikidata.org/entity/Q18556900,1992,1,spinal cancer
http://www.wikidata.org/entity/Q977787,2012,4,Gallenblasenkarzinom
http://www.wikidata.org/entity/Q977787,2004,1,Gallenblasenkarzinom
http://www.wikidata.org/entity/Q977787,2015,1,Gallenblasenkarzinom
http://www.wikidata.org/entity/Q977787,2011,2,Gallenblasenkarzinom
http://www.wikidata.org/entity/Q977787,1965,1,Gallenblasenkarzinom
http://www.wikidata.org/entity/Q2936213,2016,1,duodenum cancer
http://www.wikidata.org/entity/Q977787,2001,1,Gallenblasenkarzinom
http://www.wikidata.org/entity/Q977787,2006,1,Gallenblasenkarzinom
http://www.wikidata.org/entity/Q18554460,1978,2,Hirnkrebs
http://www.wikidata.org/entity/Q18553634,2014,1,lymphatic system cancer
http://www.wikidata.org/entity/Q1816041,1985,1,peritoneal carcinoma
http://www.wikidata.org/entity/Q1816041,2013,2,peritoneal carcinoma
http://www.wikidata.org/entity/Q172341,1979,1,Ovarialkarzinom
http://www.wikidata.org/entity/Q504775,1977,1,Blasenkrebs
http://www.wikidata.org/entity/Q2030989,1998,1,Herztumor
http://www.wikidata.org/entity/Q623031,1963,3,Leberkrebs
http://www.wikidata.org/entity/Q623031,1975,6,Leberkrebs
http://www.wikidata.org/entity/Q623031,1972,2,Leberkrebs
http://www.wikidata.org/entity/Q623031,1969,5,Leberkrebs
http://www.wikidata.org/entity/Q623031,1965,1,Leberkrebs
http://www.wikidata.org/entity/Q623031,1970,3,Leberkrebs
http://www.wikidata.org/entity/Q623031,1981,2,Leberkrebs
http://www.wikidata.org/entity/Q623031,1961,1,Leberkrebs
http://www.wikidata.org/entity/Q1816041,1991,1,peritoneal carcinoma
http://www.wikidata.org/entity/Q18556397,2017,1,biliary tract cancer
http://www.wikidata.org/entity/Q18553634,2004,1,lymphatic system cancer
http://www.wikidata.org/entity/Q18553796,2002,1,intestinal cancer
http://www.wikidata.org/entity/Q18553796,2018,1,intestinal cancer
http://www.wikidata.org/entity/Q1816041,2008,1,peritoneal carcinoma
http://www.wikidata.org/entity/Q1143025,2011,2,Mundhöhlenkarzinom
http://www.wikidata.org/entity/Q1816041,2018,1,peritoneal carcinoma
http://www.wikidata.org/entity/Q1143025,2004,1,Mundhöhlenkarzinom
http://www.wikidata.org/entity/Q1143025,1995,2,Mundhöhlenkarzinom
http://www.wikidata.org/entity/Q1143025,2015,1,Mundhöhlenkarzinom
http://www.wikidata.org/entity/Q18556397,2003,1,biliary tract cancer
http://www.wikidata.org/entity/Q1143025,2008,4,Mundhöhlenkarzinom
http://www.wikidata.org/entity/Q18553796,2017,1,intestinal cancer
http://www.wikidata.org/entity/Q18553796,2016,1,intestinal cancer
http://www.wikidata.org/entity/Q1816041,2015,1,peritoneal carcinoma
http://www.wikidata.org/entity/Q1143025,2018,2,Mundhöhlenkarzinom
http://www.wikidata.org/entity/Q623031,1962,1,Leberkrebs
http://www.wikidata.org/entity/Q623031,1979,3,Leberkrebs
http://www.wikidata.org/entity/Q623031,1976,1,Leberkrebs
http://www.wikidata.org/entity/Q623031,1968,3,Leberkrebs
http://www.wikidata.org/entity/Q623031,1966,1,Leberkrebs
http://www.wikidata.org/entity/Q47912,1986,32,Bronchialkarzinom
http://www.wikidata.org/entity/Q47912,1974,18,Bronchialkarzinom
http://www.wikidata.org/entity/Q47912,1978,21,Bronchialkarzinom
http://www.wikidata.org/entity/Q47912,2001,55,Bronchialkarzinom
http://www.wikidata.org/entity/Q47912,1980,22,Bronchialkarzinom
http://www.wikidata.org/entity/Q47912,1967,9,Bronchialkarzinom
http://www.wikidata.org/entity/Q1143025,1991,1,Mundhöhlenkarzinom
http://www.wikidata.org/entity/Q1143025,2006,1,Mundhöhlenkarzinom
http://www.wikidata.org/entity/Q1143025,2009,2,Mundhöhlenkarzinom
http://www.wikidata.org/entity/Q1143025,2005,2,Mundhöhlenkarzinom
http://www.wikidata.org/entity/Q1143025,1979,1,Mundhöhlenkarzinom
http://www.wikidata.org/entity/Q1143025,2002,1,Mundhöhlenkarzinom
http://www.wikidata.org/entity/Q1143025,1986,1,Mundhöhlenkarzinom
http://www.wikidata.org/entity/Q1143025,1996,1,Mundhöhlenkarzinom
http://www.wikidata.org/entity/Q1143025,1985,1,Mundhöhlenkarzinom
http://www.wikidata.org/entity/Q1143025,1974,1,Mundhöhlenkarzinom
http://www.wikidata.org/entity/Q1143025,2000,1,Mundhöhlenkarzinom
http://www.wikidata.org/entity/Q826522,2017,1,Schilddrüsenkrebs
http://www.wikidata.org/entity/Q826522,2018,1,Schilddrüsenkrebs
http://www.wikidata.org/entity/Q47912,1997,49,Bronchialkarzinom
http://www.wikidata.org/entity/Q47912,2010,111,Bronchialkarzinom
http://www.wikidata.org/entity/Q47912,2008,106,Bronchialkarzinom
http://www.wikidata.org/entity/Q47912,2007,134,Bronchialkarzinom
http://www.wikidata.org/entity/Q47912,2005,88,Bronchialkarzinom
http://www.wikidata.org/entity/Q47912,2011,94,Bronchialkarzinom
http://www.wikidata.org/entity/Q47912,2018,82,Bronchialkarzinom
http://www.wikidata.org/entity/Q47912,1984,25,Bronchialkarzinom
http://www.wikidata.org/entity/Q47912,1993,30,Bronchialkarzinom
http://www.wikidata.org/entity/Q47912,2017,107,Bronchialkarzinom
http://www.wikidata.org/entity/Q47912,2004,68,Bronchialkarzinom
http://www.wikidata.org/entity/Q47912,2009,113,Bronchialkarzinom
http://www.wikidata.org/entity/Q47912,2013,105,Bronchialkarzinom
http://www.wikidata.org/entity/Q47912,2003,53,Bronchialkarzinom
http://www.wikidata.org/entity/Q47912,1999,47,Bronchialkarzinom
http://www.wikidata.org/entity/Q47912,2016,86,Bronchialkarzinom
http://www.wikidata.org/entity/Q47912,1982,21,Bronchialkarzinom
http://www.wikidata.org/entity/Q47912,1971,10,Bronchialkarzinom
http://www.wikidata.org/entity/Q47912,2006,118,Bronchialkarzinom
http://www.wikidata.org/entity/Q47912,1963,9,Bronchialkarzinom
http://www.wikidata.org/entity/Q47912,1990,44,Bronchialkarzinom
http://www.wikidata.org/entity/Q47912,1987,26,Bronchialkarzinom
http://www.wikidata.org/entity/Q47912,2014,77,Bronchialkarzinom
http://www.wikidata.org/entity/Q47912,1996,36,Bronchialkarzinom
http://www.wikidata.org/entity/Q47912,1995,41,Bronchialkarzinom
http://www.wikidata.org/entity/Q47912,1989,30,Bronchialkarzinom
http://www.wikidata.org/entity/Q47912,2000,46,Bronchialkarzinom
http://www.wikidata.org/entity/Q47912,1994,52,Bronchialkarzinom
http://www.wikidata.org/entity/Q47912,1961,12,Bronchialkarzinom
http://www.wikidata.org/entity/Q47912,2012,88,Bronchialkarzinom
http://www.wikidata.org/entity/Q47912,1985,36,Bronchialkarzinom
http://www.wikidata.org/entity/Q47912,2015,92,Bronchialkarzinom
http://www.wikidata.org/entity/Q47912,1973,12,Bronchialkarzinom
http://www.wikidata.org/entity/Q47912,1988,27,Bronchialkarzinom
http://www.wikidata.org/entity/Q47912,1998,45,Bronchialkarzinom
http://www.wikidata.org/entity/Q47912,1981,9,Bronchialkarzinom
http://www.wikidata.org/entity/Q47912,1983,23,Bronchialkarzinom
http://www.wikidata.org/entity/Q47912,1969,10,Bronchialkarzinom
http://www.wikidata.org/entity/Q47912,1976,14,Bronchialkarzinom
http://www.wikidata.org/entity/Q47912,1991,23,Bronchialkarzinom
http://www.wikidata.org/entity/Q47912,1966,15,Bronchialkarzinom
http://www.wikidata.org/entity/Q47912,1962,5,Bronchialkarzinom
http://www.wikidata.org/entity/Q47912,1972,15,Bronchialkarzinom
http://www.wikidata.org/entity/Q47912,2002,60,Bronchialkarzinom
http://www.wikidata.org/entity/Q47912,1968,15,Bronchialkarzinom
http://www.wikidata.org/entity/Q47912,1970,12,Bronchialkarzinom
http://www.wikidata.org/entity/Q47912,1975,19,Bronchialkarzinom
http://www.wikidata.org/entity/Q47912,1992,31,Bronchialkarzinom
http://www.wikidata.org/entity/Q47912,1979,12,Bronchialkarzinom
http://www.wikidata.org/entity/Q47912,1977,13,Bronchialkarzinom
http://www.wikidata.org/entity/Q47912,1965,8,Bronchialkarzinom
http://www.wikidata.org/entity/Q124292,2013,5,Gallengangskarzinom
http://www.wikidata.org/entity/Q47912,1964,9,Bronchialkarzinom
http://www.wikidata.org/entity/Q124292,2015,6,Gallengangskarzinom
http://www.wikidata.org/entity/Q124292,2005,1,Gallengangskarzinom
http://www.wikidata.org/entity/Q124292,2014,3,Gallengangskarzinom
http://www.wikidata.org/entity/Q124292,1991,1,Gallengangskarzinom
http://www.wikidata.org/entity/Q1016605,1984,1,Burkitt-Lymphom
http://www.wikidata.org/entity/Q852423,1973,1,Kehlkopfkrebs
http://www.wikidata.org/entity/Q852423,1984,2,Kehlkopfkrebs
http://www.wikidata.org/entity/Q852423,1962,1,Kehlkopfkrebs
http://www.wikidata.org/entity/Q852423,1995,1,Kehlkopfkrebs
http://www.wikidata.org/entity/Q124292,2018,7,Gallengangskarzinom
http://www.wikidata.org/entity/Q124292,2007,2,Gallengangskarzinom
http://www.wikidata.org/entity/Q124292,2000,1,Gallengangskarzinom
http://www.wikidata.org/entity/Q124292,2009,2,Gallengangskarzinom
http://www.wikidata.org/entity/Q124292,2017,3,Gallengangskarzinom
http://www.wikidata.org/entity/Q124292,2016,3,Gallengangskarzinom
http://www.wikidata.org/entity/Q124292,2011,1,Gallengangskarzinom
http://www.wikidata.org/entity/Q124292,2006,2,Gallengangskarzinom
http://www.wikidata.org/entity/Q124292,2002,1,Gallengangskarzinom
http://www.wikidata.org/entity/Q124292,2010,1,Gallengangskarzinom
http://www.wikidata.org/entity/Q124292,2001,1,Gallengangskarzinom
http://www.wikidata.org/entity/Q124292,1999,1,Gallengangskarzinom
http://www.wikidata.org/entity/Q124292,2008,1,Gallengangskarzinom
http://www.wikidata.org/entity/Q124292,1995,1,Gallengangskarzinom
http://www.wikidata.org/entity/Q852423,1987,3,Kehlkopfkrebs
http://www.wikidata.org/entity/Q852423,1979,3,Kehlkopfkrebs
http://www.wikidata.org/entity/Q852423,2016,9,Kehlkopfkrebs
http://www.wikidata.org/entity/Q852423,1963,1,Kehlkopfkrebs
http://www.wikidata.org/entity/Q852423,2012,8,Kehlkopfkrebs
http://www.wikidata.org/entity/Q852423,1967,2,Kehlkopfkrebs
http://www.wikidata.org/entity/Q852423,2008,3,Kehlkopfkrebs
http://www.wikidata.org/entity/Q852423,1970,2,Kehlkopfkrebs
http://www.wikidata.org/entity/Q852423,2014,3,Kehlkopfkrebs
http://www.wikidata.org/entity/Q852423,2009,7,Kehlkopfkrebs
http://www.wikidata.org/entity/Q852423,1993,4,Kehlkopfkrebs
http://www.wikidata.org/entity/Q852423,2011,3,Kehlkopfkrebs
http://www.wikidata.org/entity/Q852423,1966,1,Kehlkopfkrebs
http://www.wikidata.org/entity/Q852423,1989,1,Kehlkopfkrebs
http://www.wikidata.org/entity/Q852423,2017,5,Kehlkopfkrebs
http://www.wikidata.org/entity/Q852423,1990,2,Kehlkopfkrebs
http://www.wikidata.org/entity/Q852423,2005,3,Kehlkopfkrebs
http://www.wikidata.org/entity/Q852423,2015,7,Kehlkopfkrebs
http://www.wikidata.org/entity/Q852423,2018,10,Kehlkopfkrebs
http://www.wikidata.org/entity/Q852423,1992,2,Kehlkopfkrebs
http://www.wikidata.org/entity/Q852423,2000,3,Kehlkopfkrebs
http://www.wikidata.org/entity/Q852423,1996,1,Kehlkopfkrebs
http://www.wikidata.org/entity/Q852423,1976,2,Kehlkopfkrebs
http://www.wikidata.org/entity/Q852423,2006,4,Kehlkopfkrebs
http://www.wikidata.org/entity/Q852423,2004,2,Kehlkopfkrebs
http://www.wikidata.org/entity/Q852423,1972,3,Kehlkopfkrebs
http://www.wikidata.org/entity/Q852423,1982,4,Kehlkopfkrebs
http://www.wikidata.org/entity/Q852423,1988,1,Kehlkopfkrebs
http://www.wikidata.org/entity/Q852423,1997,2,Kehlkopfkrebs
http://www.wikidata.org/entity/Q852423,1969,2,Kehlkopfkrebs
http://www.wikidata.org/entity/Q852423,1998,1,Kehlkopfkrebs
http://www.wikidata.org/entity/Q852423,1994,1,Kehlkopfkrebs
http://www.wikidata.org/entity/Q852423,1978,2,Kehlkopfkrebs
http://www.wikidata.org/entity/Q852423,2010,1,Kehlkopfkrebs
http://www.wikidata.org/entity/Q852423,1971,1,Kehlkopfkrebs
http://www.wikidata.org/entity/Q1783924,1981,1,Kopf-Hals-Karzinom
http://www.wikidata.org/entity/Q1783924,2018,1,Kopf-Hals-Karzinom
http://www.wikidata.org/entity/Q1783924,2015,1,Kopf-Hals-Karzinom
http://www.wikidata.org/entity/Q1783924,1994,1,Kopf-Hals-Karzinom
http://www.wikidata.org/entity/Q2509220,2015,1,blood cancer
http://www.wikidata.org/entity/Q852423,2002,1,Kehlkopfkrebs
http://www.wikidata.org/entity/Q852423,1964,1,Kehlkopfkrebs
http://www.wikidata.org/entity/Q852423,1999,2,Kehlkopfkrebs
http://www.wikidata.org/entity/Q1783924,2013,3,Kopf-Hals-Karzinom
http://www.wikidata.org/entity/Q1783924,2016,2,Kopf-Hals-Karzinom
http://www.wikidata.org/entity/Q1783924,1982,1,Kopf-Hals-Karzinom
http://www.wikidata.org/entity/Q852423,1977,2,Kehlkopfkrebs
http://www.wikidata.org/entity/Q5526839,2017,1,gastrointestinal system cancer
http://www.wikidata.org/entity/Q852423,2013,4,Kehlkopfkrebs
http://www.wikidata.org/entity/Q852423,2001,3,Kehlkopfkrebs
http://www.wikidata.org/entity/Q852423,1975,2,Kehlkopfkrebs
http://www.wikidata.org/entity/Q5526839,1998,1,gastrointestinal system cancer
http://www.wikidata.org/entity/Q2509220,2016,2,blood cancer
http://www.wikidata.org/entity/Q1693598,2016,1,Nasopharynxkarzinom
http://www.wikidata.org/entity/Q2739660,2016,1,rectum cancer
http://www.wikidata.org/entity/Q2739660,1968,1,rectum cancer
http://www.wikidata.org/entity/Q852423,1980,1,Kehlkopfkrebs
http://www.wikidata.org/entity/Q852423,1968,1,Kehlkopfkrebs
http://www.wikidata.org/entity/Q1693598,2017,1,Nasopharynxkarzinom
http://www.wikidata.org/entity/Q852423,2003,1,Kehlkopfkrebs
http://www.wikidata.org/entity/Q1783924,1967,1,Kopf-Hals-Karzinom
